
    TRUNCATE public.accounts CASCADE;
        TRUNCATE public.orgs CASCADE;
        TRUNCATE public.users CASCADE;
        TRUNCATE public.impact CASCADE;
    
    INSERT INTO public.accounts (id, compound_id, user_id, provider_type, provider_id, provider_account_id, refresh_token, access_token, access_token_expires, created_at, updated_at) VALUES ('e650dcd3-eed1-4f81-ac40-445162eb368d','8f3c030f-2b96-44ba-bca4-3d5baff43dcf', 'f079abf7-bb15-4eb2-9914-78f311f849e4', 'oauth', 'google', '110127495875220400815', NULL, '35e29aa0-1308-4cff-8d66-8c02d4f83744', NULL, '2022-03-13T11:12:40.057Z', '2022-03-13T11:12:40.057Z');
                INSERT INTO public.users (id, name, email, email_verified, image, created_at, updated_at) VALUES ('f079abf7-bb15-4eb2-9914-78f311f849e4', 'Dora Gutmann', 'Rowan57@gmail.com', NULL, 'https://cloudflare-ipfs.com/ipfs/Qmd3W5DuhgHirLHGVixi6V76LhCkZUz6pnFt5AJBiyvHye/avatar/337.jpg', '2022-03-13T11:12:40.057Z', '2022-03-13T11:12:40.057Z');
                
INSERT INTO public.accounts (id, compound_id, user_id, provider_type, provider_id, provider_account_id, refresh_token, access_token, access_token_expires, created_at, updated_at) VALUES ('42990072-87ba-4109-b9be-a4a7c8939450','8023bf54-c9f8-4379-b834-634e7d40abc1', 'c8b15c2c-0706-4ae5-b8ca-0b36200e76ef', 'oauth', 'google', '110127495875220400815', NULL, 'b216ba86-c5a0-43bf-a050-140f5d014135', NULL, '2022-03-13T11:12:40.057Z', '2022-03-13T11:12:40.057Z');
                INSERT INTO public.users (id, name, email, email_verified, image, created_at, updated_at) VALUES ('c8b15c2c-0706-4ae5-b8ca-0b36200e76ef', 'Grady Crooks', 'Marc81@yahoo.com', NULL, 'https://cloudflare-ipfs.com/ipfs/Qmd3W5DuhgHirLHGVixi6V76LhCkZUz6pnFt5AJBiyvHye/avatar/361.jpg', '2022-03-13T11:12:40.057Z', '2022-03-13T11:12:40.057Z');
                
INSERT INTO public.accounts (id, compound_id, user_id, provider_type, provider_id, provider_account_id, refresh_token, access_token, access_token_expires, created_at, updated_at) VALUES ('dddd0e5b-db26-4d15-bd47-fb299deb5c3e','2d75fd58-37c1-4b66-ba1f-d11006e073b1', '0b11eba4-6a23-4b04-ba9a-38ebf8e2a692', 'oauth', 'google', '110127495875220400815', NULL, '04ef6f55-f290-4576-b4bd-90254f94acfc', NULL, '2022-03-13T11:12:40.057Z', '2022-03-13T11:12:40.057Z');
                INSERT INTO public.users (id, name, email, email_verified, image, created_at, updated_at) VALUES ('0b11eba4-6a23-4b04-ba9a-38ebf8e2a692', 'Enrique Osinski', 'Alize.Littel@hotmail.com', NULL, 'https://cloudflare-ipfs.com/ipfs/Qmd3W5DuhgHirLHGVixi6V76LhCkZUz6pnFt5AJBiyvHye/avatar/80.jpg', '2022-03-13T11:12:40.057Z', '2022-03-13T11:12:40.057Z');
                
INSERT INTO public.accounts (id, compound_id, user_id, provider_type, provider_id, provider_account_id, refresh_token, access_token, access_token_expires, created_at, updated_at) VALUES ('834dbeeb-59ca-4786-af9a-7fd1ce5be045','e0db07e2-dfc0-4b12-9ef4-195fbeeb2440', 'e24b77e7-97b7-4e72-b7b6-62c1ca2ef133', 'oauth', 'google', '110127495875220400815', NULL, '8cbb05d9-8d68-49cb-bfb7-69fe541e2e68', NULL, '2022-03-13T11:12:40.057Z', '2022-03-13T11:12:40.057Z');
                INSERT INTO public.users (id, name, email, email_verified, image, created_at, updated_at) VALUES ('e24b77e7-97b7-4e72-b7b6-62c1ca2ef133', 'Raquel Grant', 'Aimee.Collier71@hotmail.com', NULL, 'https://cloudflare-ipfs.com/ipfs/Qmd3W5DuhgHirLHGVixi6V76LhCkZUz6pnFt5AJBiyvHye/avatar/788.jpg', '2022-03-13T11:12:40.057Z', '2022-03-13T11:12:40.057Z');
                
INSERT INTO public.accounts (id, compound_id, user_id, provider_type, provider_id, provider_account_id, refresh_token, access_token, access_token_expires, created_at, updated_at) VALUES ('a77c8fa7-7621-413b-82fa-81f15a6d0c56','5eaf5324-a9f6-4f1d-bd1c-7778ba121504', '0ee21405-4479-41dc-8a2d-bb55df4b0256', 'oauth', 'google', '110127495875220400815', NULL, '568f68cb-af06-4762-8de4-398c586cfc3c', NULL, '2022-03-13T11:12:40.057Z', '2022-03-13T11:12:40.057Z');
                INSERT INTO public.users (id, name, email, email_verified, image, created_at, updated_at) VALUES ('0ee21405-4479-41dc-8a2d-bb55df4b0256', 'Philip Koch', 'Nicklaus_Kling@gmail.com', NULL, 'https://cloudflare-ipfs.com/ipfs/Qmd3W5DuhgHirLHGVixi6V76LhCkZUz6pnFt5AJBiyvHye/avatar/905.jpg', '2022-03-13T11:12:40.057Z', '2022-03-13T11:12:40.057Z');
                
INSERT INTO public.accounts (id, compound_id, user_id, provider_type, provider_id, provider_account_id, refresh_token, access_token, access_token_expires, created_at, updated_at) VALUES ('40e332cf-173e-4ed2-8e27-a31341ca252e','714e7caa-081c-4c08-8355-d3046a2886f7', 'badeb83a-be46-4135-abf3-dd8859112e28', 'oauth', 'google', '110127495875220400815', NULL, 'cc83d880-0bde-43ed-a26d-25cf80cdd375', NULL, '2022-03-13T11:12:40.057Z', '2022-03-13T11:12:40.057Z');
                INSERT INTO public.users (id, name, email, email_verified, image, created_at, updated_at) VALUES ('badeb83a-be46-4135-abf3-dd8859112e28', 'Melvin Abshire', 'Carolanne_Hickle27@gmail.com', NULL, 'https://cloudflare-ipfs.com/ipfs/Qmd3W5DuhgHirLHGVixi6V76LhCkZUz6pnFt5AJBiyvHye/avatar/334.jpg', '2022-03-13T11:12:40.057Z', '2022-03-13T11:12:40.057Z');
                
INSERT INTO public.accounts (id, compound_id, user_id, provider_type, provider_id, provider_account_id, refresh_token, access_token, access_token_expires, created_at, updated_at) VALUES ('8fe0923c-e15a-4ad4-8f34-d404d201550e','f2f1341d-390c-4718-9201-29a6fc0e84e3', '514ed7af-501a-45a3-ba97-829a3b03f123', 'oauth', 'google', '110127495875220400815', NULL, '67193ae3-294f-44fd-b821-fca12efb15bc', NULL, '2022-03-13T11:12:40.057Z', '2022-03-13T11:12:40.057Z');
                INSERT INTO public.users (id, name, email, email_verified, image, created_at, updated_at) VALUES ('514ed7af-501a-45a3-ba97-829a3b03f123', 'Freda Emmerich', 'Nyah_Maggio@gmail.com', NULL, 'https://cloudflare-ipfs.com/ipfs/Qmd3W5DuhgHirLHGVixi6V76LhCkZUz6pnFt5AJBiyvHye/avatar/931.jpg', '2022-03-13T11:12:40.057Z', '2022-03-13T11:12:40.057Z');
                
INSERT INTO public.accounts (id, compound_id, user_id, provider_type, provider_id, provider_account_id, refresh_token, access_token, access_token_expires, created_at, updated_at) VALUES ('2d34500e-e838-4a74-a456-2f198d82d943','15291fd1-ee8b-4363-9dee-6e0a95b5bcab', '52f4d220-f3fb-42d7-a953-bcdaaa98c6ac', 'oauth', 'google', '110127495875220400815', NULL, 'e18d7ac6-f6f0-44aa-84fa-a2039d4438cb', NULL, '2022-03-13T11:12:40.057Z', '2022-03-13T11:12:40.057Z');
                INSERT INTO public.users (id, name, email, email_verified, image, created_at, updated_at) VALUES ('52f4d220-f3fb-42d7-a953-bcdaaa98c6ac', 'Tami Pacocha', 'Aaron.Boyer@hotmail.com', NULL, 'https://cloudflare-ipfs.com/ipfs/Qmd3W5DuhgHirLHGVixi6V76LhCkZUz6pnFt5AJBiyvHye/avatar/197.jpg', '2022-03-13T11:12:40.057Z', '2022-03-13T11:12:40.057Z');
                
INSERT INTO public.accounts (id, compound_id, user_id, provider_type, provider_id, provider_account_id, refresh_token, access_token, access_token_expires, created_at, updated_at) VALUES ('0a80a3ac-df59-43e2-8c8d-bd6f556b4300','a92fe3ba-be11-4532-b5bf-17e22d26f356', '744b96c9-8d8b-45e7-8d44-55b551c976c2', 'oauth', 'google', '110127495875220400815', NULL, '78eebfb5-d09a-4575-8704-a597dab8f301', NULL, '2022-03-13T11:12:40.057Z', '2022-03-13T11:12:40.057Z');
                INSERT INTO public.users (id, name, email, email_verified, image, created_at, updated_at) VALUES ('744b96c9-8d8b-45e7-8d44-55b551c976c2', 'Cecil Stokes', 'Torrance12@hotmail.com', NULL, 'https://cloudflare-ipfs.com/ipfs/Qmd3W5DuhgHirLHGVixi6V76LhCkZUz6pnFt5AJBiyvHye/avatar/833.jpg', '2022-03-13T11:12:40.057Z', '2022-03-13T11:12:40.057Z');
                
INSERT INTO public.accounts (id, compound_id, user_id, provider_type, provider_id, provider_account_id, refresh_token, access_token, access_token_expires, created_at, updated_at) VALUES ('7c17b7af-7dab-4117-8e99-447af2276fe7','b9f6a79e-62ad-4ce5-a6f6-bd733677428f', '4f887c23-2798-46d7-9638-9832e36f0056', 'oauth', 'google', '110127495875220400815', NULL, 'c50923c6-aace-4927-9dcb-5b1af2886149', NULL, '2022-03-13T11:12:40.057Z', '2022-03-13T11:12:40.057Z');
                INSERT INTO public.users (id, name, email, email_verified, image, created_at, updated_at) VALUES ('4f887c23-2798-46d7-9638-9832e36f0056', 'Lillie Hagenes', 'Ora.Bogan2@hotmail.com', NULL, 'https://cloudflare-ipfs.com/ipfs/Qmd3W5DuhgHirLHGVixi6V76LhCkZUz6pnFt5AJBiyvHye/avatar/318.jpg', '2022-03-13T11:12:40.057Z', '2022-03-13T11:12:40.057Z');
                
    INSERT INTO public.orgs 
            (id, author_id, name, created_at, updated_at, slug, description, long_description, main_image, geography, size, founded_at, link_processes, link_financials, is_test_data)
            VALUES
            ('ab1b11d1-9bc6-4477-91bc-e1f9c72830ca', '4f887c23-2798-46d7-9638-9832e36f0056', 'Deckow - Pacocha', '2022-03-13T11:12:40.057Z', '2022-03-13T11:12:40.057Z', 'deckow-pacocha', 'Distinctio ut dolores occaecati consequuntur animi non maiores modi nesciunt. Illum et voluptatum et error perspiciatis sed autem eveniet eum. Nam voluptatem ut ullam. Ea iure velit et officiis et quam.', 'Ut et vel ut rerum vero quisquam. Totam illo tempora. Rerum eum eum perferendis error unde.
 Reiciendis cupiditate earum odio ut fuga aut natus. Earum quia expedita. Accusamus modi eligendi enim neque porro. Nemo consequuntur veniam voluptatem maiores deleniti. Rem ea corrupti quia.
 Et eius est nisi ut quia enim quo. Perferendis ea quo iste inventore dolorem accusamus odio. Enim quisquam ut unde adipisci voluptatum corporis et vel. Consequatur consequuntur rerum perferendis.', 'http://placeimg.com/1020/800/people?80350', 'Taiwan, Guinea', '94', '1982', 'http://pesky-bagpipe.org', 'http://mediocre-yang.biz', TRUE);
INSERT INTO public.orgs 
            (id, author_id, name, created_at, updated_at, slug, description, long_description, main_image, geography, size, founded_at, link_processes, link_financials, is_test_data)
            VALUES
            ('16441112-bc16-4c3b-b555-631c50d890a6', 'f079abf7-bb15-4eb2-9914-78f311f849e4', 'Gerhold Inc', '2022-03-13T11:12:40.057Z', '2022-03-13T11:12:40.057Z', 'gerhold-inc', 'Magni quo libero ratione voluptas distinctio voluptatem consequatur. Et aut id quas non et corrupti saepe. Harum exercitationem ut sit dolore rerum sint.', 'Rerum perspiciatis voluptatum et porro sequi quia facilis reiciendis molestiae. Officiis laborum sit voluptatem architecto dignissimos et voluptatum omnis quos. Architecto facilis tenetur temporibus.
 Illum tempore ipsam aut. Numquam amet aut qui sit voluptas dolores labore ipsam aut. Commodi assumenda praesentium magnam est. Architecto aut fugit iusto.
 Et quia dolorem sed quo. Assumenda qui voluptates. Modi vero nihil quia molestiae. Quidem velit qui harum. Autem nihil quibusdam. Architecto autem esse praesentium ut ipsum.', 'http://placeimg.com/1020/800/people?35811', 'Poland, Norfolk Island', '57', '2022', 'http://fancy-shoestring.info', 'http://selfish-defender.net', TRUE);
INSERT INTO public.orgs 
            (id, author_id, name, created_at, updated_at, slug, description, long_description, main_image, geography, size, founded_at, link_processes, link_financials, is_test_data)
            VALUES
            ('2d5f2b6a-302e-44db-abfb-566b165e3930', '4f887c23-2798-46d7-9638-9832e36f0056', 'Hessel Group', '2022-03-13T11:12:40.057Z', '2022-03-13T11:12:40.057Z', 'hessel-group', 'Sequi quo qui autem veritatis excepturi exercitationem in aliquid. Quam omnis delectus veritatis provident ut nulla natus nulla aperiam. Et commodi reprehenderit. Nam dicta quia ad qui aut. Quia sequi quibusdam sit ipsum ipsam nemo quod consequuntur. Corrupti nobis et dolorem qui ipsa error tempore eveniet.', 'In non cumque omnis est doloremque rerum sit tempora. Voluptatibus totam laboriosam nobis voluptatem minus voluptatem voluptatem. Fugiat ipsa fugit deserunt nostrum rem modi. Autem dolor maxime a est quibusdam. Cum necessitatibus fugit optio repellendus velit. Unde nulla officiis dolores atque dolorum et.
 Facilis totam dolores qui excepturi voluptatum et rerum. Officiis id explicabo et tenetur. A id non explicabo. Tempore omnis aut dicta dignissimos quia rerum distinctio magni. Magni eum nam perferendis. Totam non et qui placeat adipisci laboriosam occaecati.
 Harum nam accusantium minima nam et distinctio voluptatem. Amet quas nemo quia aut qui voluptate quia. Ut saepe ipsam. Ea velit et voluptas voluptate. Ut sapiente est et. Repudiandae eum laboriosam perspiciatis minus aliquam quae ex.', 'http://placeimg.com/1020/800/people?25252', 'Timor-Leste, Puerto Rico', '44', '1995', 'https://bare-toffee.net', 'https://shadowy-belly.net', TRUE);
INSERT INTO public.orgs 
            (id, author_id, name, created_at, updated_at, slug, description, long_description, main_image, geography, size, founded_at, link_processes, link_financials, is_test_data)
            VALUES
            ('b67dadd8-ab96-4cf6-a1e2-ad60bdbd6863', 'c8b15c2c-0706-4ae5-b8ca-0b36200e76ef', 'Nicolas LLC', '2022-03-13T11:12:40.057Z', '2022-03-13T11:12:40.057Z', 'nicolas-llc', 'Accusamus natus quo eum optio itaque aut. Nobis voluptatem dolores ipsum praesentium cum est laborum excepturi. Blanditiis vel totam. Ut alias dicta magni harum.', 'Quia sunt consequuntur porro cupiditate consectetur enim voluptas et ut. Ut explicabo suscipit quia. Animi consequatur qui consequuntur deleniti delectus. Dolor et voluptatem illo ut dolor. Dicta quidem ut odio possimus fuga magnam sed. Numquam et quos inventore quas corporis assumenda sit.
 Aut qui eligendi molestias qui quaerat repellendus. Tenetur unde omnis at ut culpa ea aut. Odio libero occaecati tempora exercitationem dolores qui. Ex commodi temporibus nam itaque dolore. Quos sunt in nesciunt labore unde quia quasi aut.
 Qui illo ut. Vitae aut illo quia officia. Quia hic adipisci. Commodi aut aut. Enim vel libero.', 'http://placeimg.com/1020/800/people?69915', 'Ethiopia, Moldova', '98', '1984', 'https://automatic-chill.biz', 'http://rural-comb.info', TRUE);
INSERT INTO public.orgs 
            (id, author_id, name, created_at, updated_at, slug, description, long_description, main_image, geography, size, founded_at, link_processes, link_financials, is_test_data)
            VALUES
            ('4229bfd4-6dff-40bb-a0d0-adf93e7d6b0e', 'f079abf7-bb15-4eb2-9914-78f311f849e4', 'Hackett - Wiegand', '2022-03-13T11:12:40.057Z', '2022-03-13T11:12:40.057Z', 'hackett-wiegand', 'Nihil eaque rerum dicta sed. In consequatur quibusdam dolores est nemo consequatur autem iusto. Ab deserunt quo eos excepturi eius qui voluptatem.', 'Ad aut totam magni ex consequatur provident ea. Cupiditate inventore ab impedit repellendus natus sed. Dolorem numquam aut aut ut quia id. Ullam aut rerum ut. Esse amet voluptatem quibusdam dolorem et. Vel eaque dolore consectetur et facere nostrum necessitatibus quae nihil.
 Voluptates non consequuntur. Est illum et et. Adipisci quo nostrum. Voluptatibus impedit vitae. Saepe rem saepe ad enim porro est.
 Voluptatem qui aut aspernatur. Non molestiae dolor nihil excepturi eum reprehenderit alias harum. Quibusdam sunt blanditiis non. Est sequi aliquid inventore sequi. Aut qui fugit facere quo dicta maxime qui quis fugiat. Iure quis sint sit dolorem quod.', 'http://placeimg.com/1020/800/people?76652', 'Belarus, Jordan', '0', '2004', 'http://frilly-promotion.net', 'https://calm-ability.com', TRUE);
INSERT INTO public.orgs 
            (id, author_id, name, created_at, updated_at, slug, description, long_description, main_image, geography, size, founded_at, link_processes, link_financials, is_test_data)
            VALUES
            ('98c8f25f-85d8-4681-a344-613383d33bbe', '0b11eba4-6a23-4b04-ba9a-38ebf8e2a692', 'Lebsack, Hilpert and Crist', '2022-03-13T11:12:40.057Z', '2022-03-13T11:12:40.057Z', 'lebsack-hilpert-and-crist', 'Veritatis rerum occaecati eum enim nobis. Voluptatem itaque possimus ut. Temporibus officia consequuntur enim ex ut aspernatur voluptatum amet perferendis. Porro commodi molestias exercitationem magni voluptas ut. Dolorem id rerum velit error quis atque eum doloremque ipsum. Deleniti sed laudantium.', 'Nam repellat sit veritatis fugiat quod quis. Quod debitis ut debitis iste qui. Neque aut qui sequi vel sed. Enim cumque et molestiae ad sint aut esse cupiditate voluptates.
 Enim quos est quia earum aut autem. Aut sit repellendus. Harum voluptatem illo autem.
 Quis ea natus suscipit a fuga asperiores iste provident. Voluptatem itaque consequatur officiis consequatur ullam tenetur. Corrupti qui voluptas reprehenderit repellendus et esse sed. Quo dolores distinctio. Aut repellat placeat rem at odio aut iste. Sed officiis sunt qui perferendis.', 'http://placeimg.com/1020/800/people?40266', 'Venezuela, South Georgia and the South Sandwich Islands', '14', '1983', 'https://quiet-fiberglass.name', 'https://illiterate-overclocking.info', TRUE);
INSERT INTO public.orgs 
            (id, author_id, name, created_at, updated_at, slug, description, long_description, main_image, geography, size, founded_at, link_processes, link_financials, is_test_data)
            VALUES
            ('059114ae-fdb5-4984-a067-e37a4c7eeb13', '52f4d220-f3fb-42d7-a953-bcdaaa98c6ac', 'Watsica Group', '2022-03-13T11:12:40.057Z', '2022-03-13T11:12:40.057Z', 'watsica-group', 'Sunt veritatis cumque sit aliquid blanditiis aliquam distinctio cumque id. Et in unde non dolorem quibusdam non in quas aut. Fuga cupiditate at rerum. Aliquid aut ea voluptatem explicabo ut delectus perspiciatis qui. Reiciendis non qui consectetur occaecati expedita est. Impedit rerum consequatur facere occaecati saepe blanditiis perferendis aut.', 'Quia sit iusto consequatur qui nobis. Qui fugit recusandae qui quo velit. Sint occaecati quaerat dolorem delectus aliquam est expedita. Laboriosam nisi et culpa totam. Eveniet quia adipisci et consequuntur. Est vel consequatur nemo modi alias nemo.
 Corrupti soluta aspernatur ex. Optio accusamus non labore dolorum. Dolor architecto blanditiis a incidunt quia reiciendis. Alias est minus rerum.
 Vel ducimus quasi culpa rerum modi. Voluptatum perspiciatis ducimus commodi quaerat impedit occaecati. Nam dolor sapiente quasi atque illo. Voluptatem vel officia sequi debitis. Voluptatem reprehenderit sapiente dolores iure officia unde beatae. Suscipit quos alias sed magni.', 'http://placeimg.com/1020/800/people?47002', 'Somalia, Guyana', '3', '1990', 'http://lumpy-charlatan.com', 'http://admired-mattock.net', TRUE);
INSERT INTO public.orgs 
            (id, author_id, name, created_at, updated_at, slug, description, long_description, main_image, geography, size, founded_at, link_processes, link_financials, is_test_data)
            VALUES
            ('62460082-47ed-4c0b-9d39-7e04fb8bcd6b', 'badeb83a-be46-4135-abf3-dd8859112e28', 'Kulas - Gutmann', '2022-03-13T11:12:40.057Z', '2022-03-13T11:12:40.057Z', 'kulas-gutmann', 'Hic veniam et iusto laboriosam. Et unde repellendus voluptatum et voluptatum blanditiis nostrum. Quia quia error ullam voluptatem suscipit dolor molestiae ipsum commodi. Odio deserunt praesentium eos repellendus eaque et.', 'Ea excepturi repudiandae tempore. Soluta aut occaecati est recusandae et et ipsum. Pariatur quia id. Architecto vel aliquid enim totam.
 Cumque tempore excepturi rerum dolore et enim. Soluta quibusdam aut hic dolorem. At mollitia est quia ipsa rerum. Non ex et omnis ratione. Quibusdam nihil perferendis illo. Sed aperiam et.
 Id beatae voluptas officiis odit. Occaecati similique omnis. Quaerat voluptas consequuntur aperiam dicta voluptates. Facere magnam nostrum sit necessitatibus sapiente hic molestias quo.', 'http://placeimg.com/1020/800/people?46462', 'Guam, Pitcairn Islands', '41', '1984', 'http://serene-effort.biz', 'https://surprised-turtle.biz', TRUE);
INSERT INTO public.orgs 
            (id, author_id, name, created_at, updated_at, slug, description, long_description, main_image, geography, size, founded_at, link_processes, link_financials, is_test_data)
            VALUES
            ('b22114bb-5967-47cc-9e52-4adfe5e6ba77', '4f887c23-2798-46d7-9638-9832e36f0056', 'Sauer Inc', '2022-03-13T11:12:40.057Z', '2022-03-13T11:12:40.057Z', 'sauer-inc', 'Molestias fuga dolor corporis consequatur itaque ut aperiam sapiente adipisci. Praesentium aliquam ut ut. Harum aliquid voluptate aliquid voluptatem consequatur vel.', 'Aut eaque ab distinctio non. Exercitationem minus voluptas explicabo eum harum eveniet sint. Est deleniti deleniti totam sunt eius aliquid aut eaque inventore. Illo alias veritatis reprehenderit ea nisi. Et odit officiis fugit rem porro. Modi non quia error ut.
 Eius eum modi sapiente aut. Suscipit laborum vero dolorem cum veritatis nihil. Adipisci facere voluptatum et eos id totam est quas animi. Labore ut aut aut qui doloremque nesciunt. Veritatis dolor libero perspiciatis praesentium. Sed assumenda assumenda qui et debitis.
 Totam incidunt quis velit non necessitatibus. Sit et voluptatem sint et aliquid ullam suscipit. Suscipit in in ex quod ratione et.', 'http://placeimg.com/1020/800/people?95959', 'Bouvet Island (Bouvetoya), Algeria', '95', '1999', 'http://majestic-completion.name', 'https://rotten-netball.org', TRUE);
INSERT INTO public.orgs 
            (id, author_id, name, created_at, updated_at, slug, description, long_description, main_image, geography, size, founded_at, link_processes, link_financials, is_test_data)
            VALUES
            ('e16b873e-d1f4-437a-a836-ea376fbe2b14', '0ee21405-4479-41dc-8a2d-bb55df4b0256', 'OKeefe, Hills and Jacobson', '2022-03-13T11:12:40.057Z', '2022-03-13T11:12:40.057Z', 'okeefe-hills-and-jacobson', 'Aperiam et incidunt enim. Ut voluptas saepe repudiandae illum fugit vel magni. Maxime ut modi et est laboriosam id iste dignissimos.', 'Voluptas eveniet eos similique sit. Corporis est voluptas esse facilis sunt iste laudantium. Dolor dolorum corrupti. Et maxime autem quisquam quod eum ea sequi omnis incidunt. Dolores quo est. Magni excepturi in deserunt.
 Asperiores consequatur inventore doloribus natus non modi eum quas. Aspernatur nobis rem voluptatibus molestiae rerum ea autem aliquam tenetur. Doloribus adipisci qui beatae. Necessitatibus officiis sapiente quas.
 Sit dolor asperiores ab soluta consectetur natus voluptatibus voluptas alias. Occaecati minima et quia dignissimos quae repudiandae ut. Suscipit suscipit repellendus expedita modi. Pariatur deleniti quia voluptatum sit et eos dolor suscipit.', 'http://placeimg.com/1020/800/people?40916', 'Bosnia and Herzegovina, Greenland', '82', '2014', 'http://agitated-spot.net', 'https://grubby-bun.org', TRUE);
INSERT INTO public.orgs 
            (id, author_id, name, created_at, updated_at, slug, description, long_description, main_image, geography, size, founded_at, link_processes, link_financials, is_test_data)
            VALUES
            ('ca9a4dd4-2e0a-4383-8d88-9305629fa52b', '514ed7af-501a-45a3-ba97-829a3b03f123', 'Lehner, Simonis and Leannon', '2022-03-13T11:12:40.057Z', '2022-03-13T11:12:40.057Z', 'lehner-simonis-and-leannon', 'Quia molestias qui quia quaerat. Eaque id saepe sit magnam laborum nihil rerum consequatur omnis. Quia magni necessitatibus natus et. Eveniet non facere sit ducimus a.', 'Aut est aperiam a maxime. Laboriosam totam sed incidunt. Vel itaque tenetur voluptatum quo assumenda. In voluptatem nam nihil debitis facere.
 Consectetur consequatur in molestias aut tempore quibusdam sunt maiores. Eveniet quos alias. Deserunt non quia maxime. At aliquam nobis voluptatem facilis nesciunt doloribus. Occaecati consequatur facere necessitatibus voluptas laboriosam rerum facilis exercitationem.
 Nobis dolores quaerat sed. Facere ratione et numquam illum consequatur qui. Consectetur est eligendi magnam consequatur aut non ea laborum. Et sunt illum.', 'http://placeimg.com/1020/800/people?78548', 'Grenada, Bahamas', '69', '2022', 'http://oval-youth.info', 'https://alert-tensor.net', TRUE);
INSERT INTO public.orgs 
            (id, author_id, name, created_at, updated_at, slug, description, long_description, main_image, geography, size, founded_at, link_processes, link_financials, is_test_data)
            VALUES
            ('6fa440bf-bc5d-4f61-8b87-7410b1b2271b', 'e24b77e7-97b7-4e72-b7b6-62c1ca2ef133', 'Dach, Tromp and Hamill', '2022-03-13T11:12:40.057Z', '2022-03-13T11:12:40.057Z', 'dach-tromp-and-hamill', 'Atque aut aliquam. Autem est voluptatem tempora autem. Et et facere ad saepe mollitia voluptatem sit maxime voluptates. Aliquid sunt similique sint a aspernatur.', 'Qui id in. Animi sed temporibus asperiores sunt incidunt inventore. Similique eos numquam quos quo sed id et. Voluptas harum impedit tempora. Deleniti vel optio nisi sit sed ex numquam. Officiis molestiae ut nobis est.
 Autem minus unde hic amet eos cumque est quasi saepe. Harum nisi dolorem aliquam minus quo at natus. Repellat exercitationem aut nobis repellendus optio molestias iusto qui omnis. Non aperiam qui autem id asperiores.
 Dolore voluptatem praesentium autem quae quia corrupti dolor aut necessitatibus. Pariatur aut ducimus eveniet. Quod atque rerum est totam. Quo nulla ad autem doloribus facilis et nihil ex nulla. Recusandae voluptas tempore ratione quos veniam distinctio beatae. Quos et qui quos voluptatem sint et.', 'http://placeimg.com/1020/800/people?2654', 'Saint Helena, Namibia', '17', '2007', 'https://gaseous-broiler.net', 'https://glum-employment.net', TRUE);
INSERT INTO public.orgs 
            (id, author_id, name, created_at, updated_at, slug, description, long_description, main_image, geography, size, founded_at, link_processes, link_financials, is_test_data)
            VALUES
            ('40c16e38-b39a-4b97-9358-e9783c48f76b', 'c8b15c2c-0706-4ae5-b8ca-0b36200e76ef', 'Kemmer - Heller', '2022-03-13T11:12:40.057Z', '2022-03-13T11:12:40.057Z', 'kemmer-heller', 'Quis sequi quia. Ut voluptatem rerum veritatis. Tempore eum incidunt eius itaque. Placeat dignissimos nulla illo distinctio voluptas.', 'Ullam sint laboriosam repudiandae culpa et. Adipisci laboriosam et dignissimos. Est beatae id voluptatem vero similique molestias.
 Odit accusamus nihil reprehenderit provident sint. Sint aut mollitia inventore nobis reiciendis. Nemo tenetur qui est deleniti molestiae voluptatem architecto accusamus sit. Debitis dolores ut natus.
 Omnis et totam qui nobis. Sint ullam doloribus voluptatibus. Aut id saepe nihil omnis eum. Ut atque autem mollitia corrupti dolore velit possimus et possimus. Ut sunt sequi consequatur enim odio ut sequi debitis fugit. Porro dolor velit eaque quia et.', 'http://placeimg.com/1020/800/people?68807', 'United States of America, Virgin Islands, U.S.', '44', '1987', 'http://ordinary-fur.net', 'https://quarterly-minister.info', TRUE);
INSERT INTO public.orgs 
            (id, author_id, name, created_at, updated_at, slug, description, long_description, main_image, geography, size, founded_at, link_processes, link_financials, is_test_data)
            VALUES
            ('7b76d3fe-f1a8-4f4a-8536-c9816cadffd0', 'c8b15c2c-0706-4ae5-b8ca-0b36200e76ef', 'Hackett - Connelly', '2022-03-13T11:12:40.057Z', '2022-03-13T11:12:40.057Z', 'hackett-connelly', 'Rerum molestiae rerum quia tempora qui. Dolores sed commodi optio est ipsum. Est quidem minus in non voluptatum est doloremque. Sunt velit voluptatem dolores id voluptas.', 'Ad eos ipsam ad maiores. Velit quia autem et a illum assumenda occaecati. Assumenda aut dicta. Deleniti sit doloremque facere at suscipit. Maiores tempora placeat magnam aut quos illo.
 Molestiae ut ducimus quia. Non tempore et consectetur voluptatem. Ducimus deleniti repellat. Expedita eum facilis officiis quam possimus quia. Et sit labore facilis accusamus.
 Et omnis nihil vero optio voluptatum. Ad ipsa quod. Ut voluptatem dolores nulla. Architecto eaque officiis animi incidunt voluptas. Et est veritatis deleniti dolor et ipsum ut incidunt.', 'http://placeimg.com/1020/800/people?53857', 'Cameroon, Croatia', '78', '1980', 'http://stable-palate.biz', 'https://direct-plight.name', TRUE);
INSERT INTO public.orgs 
            (id, author_id, name, created_at, updated_at, slug, description, long_description, main_image, geography, size, founded_at, link_processes, link_financials, is_test_data)
            VALUES
            ('ad2895cd-931f-42ba-8752-748e396d3993', '0ee21405-4479-41dc-8a2d-bb55df4b0256', 'Veum - Lesch', '2022-03-13T11:12:40.057Z', '2022-03-13T11:12:40.057Z', 'veum-lesch', 'Eum ea officia voluptatem at voluptatem saepe aut. Eos error aliquid odio rerum totam sint vero perspiciatis. Accusantium sed rerum iusto velit sint. Omnis sint accusantium quisquam perspiciatis rem eius ea exercitationem. Sed maiores illo deserunt et alias facere.', 'Aut voluptas similique. Est recusandae quasi eos aliquid. Fugit quae ea aliquam quia aut occaecati impedit. Dolorem sed atque aperiam. Est commodi reprehenderit consectetur sapiente modi ratione cupiditate omnis.
 Est omnis totam rerum laudantium aperiam aut consequatur iste porro. Dolor error cupiditate accusamus ipsum qui. Est temporibus nemo. Sed est fugiat eaque molestiae aut.
 Id eius et et. Sed dolore ad sapiente eaque nemo est quo omnis rerum. Quis ut porro sed. Ad sit asperiores id dolore molestiae sed saepe eaque perspiciatis.', 'http://placeimg.com/1020/800/people?4192', 'Costa Rica, Montserrat', '33', '2004', 'http://quiet-profession.info', 'https://brave-venom.com', TRUE);
INSERT INTO public.orgs 
            (id, author_id, name, created_at, updated_at, slug, description, long_description, main_image, geography, size, founded_at, link_processes, link_financials, is_test_data)
            VALUES
            ('ca3b4ace-9f02-4f0a-ae34-81d4392390c3', '4f887c23-2798-46d7-9638-9832e36f0056', 'Bergstrom - Nader', '2022-03-13T11:12:40.057Z', '2022-03-13T11:12:40.057Z', 'bergstrom-nader', 'Rerum commodi et atque eos. Aut harum possimus quam inventore maxime deserunt debitis quidem iusto. Eum cumque ex tempore est et.', 'Qui voluptas omnis possimus odit architecto dolores eius. Voluptatum molestiae quis doloribus atque aut blanditiis soluta. Odit est qui vitae in quia culpa qui possimus. Corrupti reprehenderit est beatae velit est. Ex facilis officia alias. Maiores eligendi modi quam delectus nostrum voluptatem.
 Dolor voluptatem reiciendis dignissimos sequi. Incidunt non atque at quaerat pariatur. Mollitia laborum consequatur in hic. Ea praesentium quia ut nisi facilis dignissimos. Eos vitae aliquam accusamus cum et. Quia odio perferendis est totam accusamus quia quisquam in.
 Eum vel suscipit. Quidem occaecati ducimus neque consequatur. Aut sit quas incidunt est eum et. Iure provident aliquam vitae soluta dolor eum.', 'http://placeimg.com/1020/800/people?22921', 'Antigua and Barbuda, Sri Lanka', '74', '1987', 'https://serpentine-architecture.com', 'http://optimistic-east.name', TRUE);
INSERT INTO public.orgs 
            (id, author_id, name, created_at, updated_at, slug, description, long_description, main_image, geography, size, founded_at, link_processes, link_financials, is_test_data)
            VALUES
            ('a97ad3a2-f83c-4505-a87e-b6877eaf749b', '744b96c9-8d8b-45e7-8d44-55b551c976c2', 'Bednar and Sons', '2022-03-13T11:12:40.057Z', '2022-03-13T11:12:40.057Z', 'bednar-and-sons', 'Quas molestiae architecto facere placeat a. Nostrum sit quia quidem non. Explicabo ut quis aut id aut rerum est vitae. Aspernatur fugit alias.', 'Sint iste ducimus omnis voluptatem cupiditate corrupti quidem consequatur. Architecto aliquam esse alias inventore repudiandae. Et maiores cumque quis necessitatibus. Deserunt eveniet vitae. Modi aut et saepe autem perspiciatis minus consequatur eum.
 Sed ullam et est quidem nostrum aut consequatur aliquam alias. Pariatur delectus doloribus quam ab blanditiis officia enim omnis. Ut et tenetur reiciendis perspiciatis expedita vero et. Soluta non praesentium quos possimus odit est quam maiores. Maxime commodi modi quidem hic est et harum maiores.
 Natus perspiciatis cupiditate. Aut porro culpa distinctio voluptas reiciendis omnis. Blanditiis praesentium non illo sit. Iure doloremque animi. Eius libero quo provident distinctio est quos quis sequi molestiae. Quaerat quo voluptatem.', 'http://placeimg.com/1020/800/people?59947', 'Kyrgyz Republic, Saint Kitts and Nevis', '41', '1988', 'http://modern-till.org', 'https://reasonable-whorl.org', TRUE);
INSERT INTO public.orgs 
            (id, author_id, name, created_at, updated_at, slug, description, long_description, main_image, geography, size, founded_at, link_processes, link_financials, is_test_data)
            VALUES
            ('17b1b023-ca65-4977-bf40-a7dc5f75a2a8', '744b96c9-8d8b-45e7-8d44-55b551c976c2', 'Grimes, Kuphal and Walsh', '2022-03-13T11:12:40.057Z', '2022-03-13T11:12:40.057Z', 'grimes-kuphal-and-walsh', 'Dolorum consequatur qui exercitationem tempore libero non est. Illo quisquam quis voluptatem asperiores. Dolor dolorem ratione blanditiis occaecati eius commodi adipisci et. Et perferendis tempore incidunt soluta provident fugiat.', 'Similique at ipsum culpa ut ut iusto animi et necessitatibus. Autem est debitis placeat maxime odit. Fugit perferendis quia adipisci aut laudantium ab. Qui dolores maxime beatae voluptas. Vero necessitatibus consequatur quo illum nobis id laboriosam nihil. Deserunt veritatis cum et rem est omnis cumque maiores.
 Pariatur ea harum esse autem consectetur. Eius dolor officiis rerum. Quo cupiditate ut sunt sint harum. Aut et quibusdam libero. Beatae quia est quas id.
 Ullam facilis similique natus. Earum dolores tempore vel nulla placeat autem. Odit voluptatem inventore. Officiis illo omnis. Ex adipisci odio quia blanditiis voluptatum et. Et incidunt placeat placeat eligendi provident.', 'http://placeimg.com/1020/800/people?66435', 'Equatorial Guinea, Republic of Korea', '33', '1981', 'https://humble-trash.com', 'http://moist-ship.name', TRUE);
INSERT INTO public.orgs 
            (id, author_id, name, created_at, updated_at, slug, description, long_description, main_image, geography, size, founded_at, link_processes, link_financials, is_test_data)
            VALUES
            ('7c5615ad-dc32-4a42-892c-ab0e8d0e5582', '0ee21405-4479-41dc-8a2d-bb55df4b0256', 'Wunsch Inc', '2022-03-13T11:12:40.057Z', '2022-03-13T11:12:40.057Z', 'wunsch-inc', 'Exercitationem accusamus quod dolores suscipit at et. Aspernatur autem sint ut dolorum illo ab. Aut aut dolore suscipit nulla. Voluptatum in qui magnam aut saepe officiis necessitatibus. Velit vero magni voluptatem odio sint consectetur voluptatem commodi officiis. Et atque ratione explicabo velit sequi distinctio dolor aut inventore.', 'Ut sequi voluptatum. Quia atque porro. Occaecati omnis commodi voluptatum officia quo est natus vel iure.
 Et voluptas corrupti sunt nisi autem sunt. Laudantium consequatur asperiores et sapiente dignissimos repudiandae. Provident voluptas repellendus. Facere exercitationem consequatur laudantium in voluptatum quod. Ipsum autem pariatur fugiat eaque vitae dolorem corrupti quam officia. Sed vel perferendis architecto deserunt.
 Temporibus cum distinctio laudantium. Excepturi provident deleniti optio sed non animi omnis sunt. Cupiditate dignissimos neque et molestias. Praesentium exercitationem in. Modi eos sed nesciunt et. Fugiat aliquid modi aut.', 'http://placeimg.com/1020/800/people?27164', 'Cayman Islands, Iceland', '82', '2009', 'http://hilarious-bolero.biz', 'https://tall-jumper.info', TRUE);
INSERT INTO public.orgs 
            (id, author_id, name, created_at, updated_at, slug, description, long_description, main_image, geography, size, founded_at, link_processes, link_financials, is_test_data)
            VALUES
            ('3a9022a0-54a9-408a-be95-3dfa30c6f434', 'c8b15c2c-0706-4ae5-b8ca-0b36200e76ef', 'Jones - Ferry', '2022-03-13T11:12:40.057Z', '2022-03-13T11:12:40.057Z', 'jones-ferry', 'Soluta amet aut quidem omnis alias perspiciatis similique. Omnis quo necessitatibus id. Ut veniam ipsum impedit et autem est unde.', 'Dolore ut assumenda qui quae temporibus veniam. Aut consequuntur et ut exercitationem consequatur vel sequi. Eum debitis modi repellat. Cum quia officia atque atque ad deserunt vero. A sit voluptatem occaecati vero laudantium.
 Sit modi voluptatem dolore quasi nobis est. Et soluta ad laudantium voluptatem delectus. Sunt architecto placeat ut sunt consequatur blanditiis ullam enim. Nostrum velit praesentium quis enim cumque.
 Inventore optio quis quam consequatur vel autem. Delectus sit voluptatibus eos accusamus omnis cumque. Sit et recusandae provident. Quia asperiores beatae accusamus sit. Veniam quos eveniet soluta iste adipisci corporis eum doloribus.', 'http://placeimg.com/1020/800/people?59243', 'Brazil, Chad', '49', '1984', 'https://sociable-abortion.org', 'http://probable-game.org', TRUE);
INSERT INTO public.orgs 
            (id, author_id, name, created_at, updated_at, slug, description, long_description, main_image, geography, size, founded_at, link_processes, link_financials, is_test_data)
            VALUES
            ('7a44ccf5-7f92-4959-99c1-17968763fd04', '514ed7af-501a-45a3-ba97-829a3b03f123', 'Rempel - Romaguera', '2022-03-13T11:12:40.057Z', '2022-03-13T11:12:40.057Z', 'rempel-romaguera', 'Quia vel asperiores. Sed voluptas aut inventore sed. Dolorem fugit non dolores aut. Laboriosam sit quidem ad quis perspiciatis quia doloribus.', 'In itaque soluta. Voluptates praesentium est deleniti atque tempore a dolores molestiae magnam. Ducimus corporis aut. Rerum nemo consequuntur eos ipsa officiis mollitia. Aperiam odit ut neque quia recusandae voluptatem magni.
 Qui qui in magni ut est ut. Id et officia. Error eos voluptatem.
 Error saepe et ut et aut labore rerum. Rerum qui sed. Cumque dolorem perspiciatis pariatur nemo sunt sapiente error.', 'http://placeimg.com/1020/800/people?62571', 'Nicaragua, Senegal', '47', '2003', 'http://kooky-botany.info', 'https://unselfish-gong.org', TRUE);
INSERT INTO public.orgs 
            (id, author_id, name, created_at, updated_at, slug, description, long_description, main_image, geography, size, founded_at, link_processes, link_financials, is_test_data)
            VALUES
            ('8d6827a1-9dbf-44a2-a60c-7ea79a6c24f8', '0ee21405-4479-41dc-8a2d-bb55df4b0256', 'Mertz, Erdman and Streich', '2022-03-13T11:12:40.057Z', '2022-03-13T11:12:40.057Z', 'mertz-erdman-and-streich', 'Doloremque velit consectetur natus voluptatem praesentium iusto et ut est. Sed iure vel. Vero animi vel aut voluptas. Reiciendis omnis aut officia quia ullam nihil incidunt consequatur.', 'Non porro tenetur consequatur qui cupiditate dolores. Dolorem recusandae cumque dolor dolorum. Fugiat sapiente porro hic provident itaque corrupti sint voluptatem dolor. Et culpa a facilis et.
 Praesentium magnam error eum. Saepe et iste soluta quam modi ducimus commodi et. Quia aspernatur vitae quia dolorem aut eius. Quo sit similique. Mollitia vel blanditiis. Beatae perferendis id ab non aut quaerat ut dicta.
 Quia quisquam officia error rem aut iusto est non. Rem facere ea non molestias ex consequatur praesentium iusto. Ea ea consectetur odio tempore iste consequatur dolores beatae dicta. Omnis provident ea et recusandae non omnis non. Dolor ducimus quibusdam.', 'http://placeimg.com/1020/800/people?56556', 'French Guiana, Tajikistan', '90', '2011', 'https://caring-celery.biz', 'https://jubilant-kid.org', TRUE);
INSERT INTO public.orgs 
            (id, author_id, name, created_at, updated_at, slug, description, long_description, main_image, geography, size, founded_at, link_processes, link_financials, is_test_data)
            VALUES
            ('5b22014e-bb0d-4c64-aa73-0e5f0d55e64c', 'c8b15c2c-0706-4ae5-b8ca-0b36200e76ef', 'Hauck - Conroy', '2022-03-13T11:12:40.057Z', '2022-03-13T11:12:40.057Z', 'hauck-conroy', 'Consequuntur asperiores accusantium rerum sint vel assumenda omnis officia ut. Aut incidunt ex. Saepe sequi quis ad. Vel ut nihil quia in sint. Tempora beatae a minima aliquam quidem et voluptatum et ex. In distinctio accusantium in qui optio doloremque.', 'Repellendus temporibus delectus. Veniam mollitia ut quis et praesentium. Aliquid officia et reiciendis praesentium accusantium commodi perferendis.
 Dolorum repellat quas quae ratione porro aut doloremque voluptatibus. Quis iure ad quo debitis quia. Perspiciatis ea aliquam quia consequatur consequatur quod maiores.
 Ut aut tempore eaque quisquam laborum atque ea. Ipsam non voluptas possimus. Perferendis rerum qui nihil dignissimos et voluptatem est. Itaque laboriosam quia fugiat corrupti ipsa non nemo. Possimus similique harum eum. Dolores harum quam minus voluptate aut et eveniet nobis.', 'http://placeimg.com/1020/800/people?27482', 'Saint Helena, Switzerland', '4', '2008', 'http://fickle-symbol.name', 'http://heavenly-expansion.com', TRUE);
INSERT INTO public.orgs 
            (id, author_id, name, created_at, updated_at, slug, description, long_description, main_image, geography, size, founded_at, link_processes, link_financials, is_test_data)
            VALUES
            ('9093a0fb-ce5b-432e-b4f4-888fba052976', '0ee21405-4479-41dc-8a2d-bb55df4b0256', 'Smitham, Torp and Hammes', '2022-03-13T11:12:40.057Z', '2022-03-13T11:12:40.057Z', 'smitham-torp-and-hammes', 'Eligendi fugit officia. Omnis est voluptatibus inventore voluptate quia. Ea illo fugit suscipit reiciendis possimus.', 'Cumque ut repellat optio et magni nihil voluptas deserunt. Consequatur rerum quia voluptatem facilis. Nihil quis vitae minima. Inventore laboriosam asperiores et sit aut nulla harum dolore. Voluptates ut quas minima excepturi vitae recusandae et.
 Harum accusamus praesentium rerum temporibus recusandae in ut sed placeat. Adipisci aut aut velit. Velit ipsa at reiciendis in eum assumenda. Facilis cupiditate sapiente culpa blanditiis commodi. Illo assumenda consequuntur ea.
 Sapiente numquam dolor non tempora veritatis et quisquam. Enim soluta eaque autem voluptatem aut. Molestiae a adipisci tenetur temporibus quasi sit saepe. Esse nulla et debitis maxime maiores. Debitis consequatur id iste maxime et eaque quia occaecati perferendis. Voluptas perferendis consequuntur et quod.', 'http://placeimg.com/1020/800/people?28800', 'Turkmenistan, Norfolk Island', '96', '1992', 'https://little-territory.name', 'https://slim-misogyny.org', TRUE);
INSERT INTO public.orgs 
            (id, author_id, name, created_at, updated_at, slug, description, long_description, main_image, geography, size, founded_at, link_processes, link_financials, is_test_data)
            VALUES
            ('0571da39-f35b-4eaa-ad20-debcb921e493', '0ee21405-4479-41dc-8a2d-bb55df4b0256', 'Ullrich - Mitchell', '2022-03-13T11:12:40.057Z', '2022-03-13T11:12:40.057Z', 'ullrich-mitchell', 'Voluptatem dolorum consequatur esse eum. Aliquid explicabo delectus velit natus sunt deserunt. Consequatur dolores est ad culpa nisi. Sequi ut accusantium.', 'Quis ullam modi voluptate sit sequi qui et suscipit rerum. Sint eaque odio doloribus enim aspernatur iste. Consectetur quidem quos rerum ut quia non.
 Laboriosam assumenda ex odio illum dolores. Quam provident eveniet nisi ducimus nihil voluptatibus beatae quaerat sit. Consequatur cum quod est officia pariatur repellat illum atque alias.
 Architecto quis dolores occaecati eius. Asperiores numquam hic at sint tempore esse dignissimos provident. Ratione beatae qui velit ut excepturi sit deleniti omnis dicta. Rerum dolores ut numquam et assumenda a repudiandae adipisci autem.', 'http://placeimg.com/1020/800/people?93137', 'Iraq, Liberia', '15', '2014', 'http://round-barrier.name', 'https://married-variant.org', TRUE);
INSERT INTO public.orgs 
            (id, author_id, name, created_at, updated_at, slug, description, long_description, main_image, geography, size, founded_at, link_processes, link_financials, is_test_data)
            VALUES
            ('045f164c-2c2f-4e9e-85d1-58303aa778a3', '744b96c9-8d8b-45e7-8d44-55b551c976c2', 'Sanford, Watsica and Lind', '2022-03-13T11:12:40.057Z', '2022-03-13T11:12:40.057Z', 'sanford-watsica-and-lind', 'Nulla modi nobis officiis earum occaecati veniam dolorum ex. Nihil earum voluptatem unde quia eveniet sed mollitia. Dignissimos porro aperiam vero harum quia dolor. Quis sit voluptates sequi repellendus ut sint.', 'Voluptatem tenetur quidem quaerat eum ducimus quia velit. Nihil ut voluptatem quia id. Velit recusandae harum vel et rerum. Asperiores veritatis quae quo quam iure omnis consequuntur consectetur modi. Dolor quia omnis aperiam quo ut tempora delectus voluptas. Quisquam magnam voluptatem placeat vitae qui ipsam explicabo.
 Qui facere nihil optio distinctio qui consequatur sapiente et. Cum qui recusandae sed nihil qui aut. Iste incidunt iure. In aut vero sunt et dolor fugiat rerum.
 Aliquam ex ad voluptates qui repellat. Ad perferendis nihil omnis consectetur. Debitis quia et expedita voluptas repellat impedit distinctio temporibus. Aut minus ut pariatur vel.', 'http://placeimg.com/1020/800/people?78567', 'New Caledonia, Egypt', '50', '1989', 'https://this-comment.biz', 'https://left-bonfire.biz', TRUE);
INSERT INTO public.orgs 
            (id, author_id, name, created_at, updated_at, slug, description, long_description, main_image, geography, size, founded_at, link_processes, link_financials, is_test_data)
            VALUES
            ('e2cb83a9-dfa6-4b37-b839-981f6d55ee0d', '744b96c9-8d8b-45e7-8d44-55b551c976c2', 'Nicolas, Schuster and Doyle', '2022-03-13T11:12:40.057Z', '2022-03-13T11:12:40.057Z', 'nicolas-schuster-and-doyle', 'Tenetur qui qui sequi laboriosam iure blanditiis. Quae aperiam sit fuga doloremque omnis a distinctio aliquam cupiditate. Eveniet cumque dolorem ut ut quisquam doloremque autem molestiae asperiores. Sapiente hic sequi ipsam amet veniam ut voluptas sit tempora. Exercitationem nemo aspernatur explicabo aperiam a exercitationem vel quisquam.', 'In cupiditate voluptatem qui eveniet odio officiis. Temporibus optio quia ad voluptatibus quo dolore quia. Rerum est velit omnis nobis dignissimos odit et quam.
 Aut laborum amet omnis ut facere qui. Nihil alias deserunt explicabo id dignissimos consequatur animi distinctio in. Quia quia aperiam laboriosam id aut et et dolor recusandae. Qui optio quisquam magnam aperiam.
 Quod est atque aspernatur omnis reiciendis quibusdam inventore. Quibusdam ut est consequuntur quae. Accusamus qui qui optio assumenda error id. Temporibus quis velit ipsam possimus fugit. Sit illum perferendis eos molestias veniam nobis debitis error reiciendis.', 'http://placeimg.com/1020/800/people?30141', 'Niue, Netherlands Antilles', '25', '1992', 'https://superficial-merchandise.net', 'http://medical-chair.com', TRUE);
INSERT INTO public.orgs 
            (id, author_id, name, created_at, updated_at, slug, description, long_description, main_image, geography, size, founded_at, link_processes, link_financials, is_test_data)
            VALUES
            ('8a29be84-63ec-45f1-ba7d-a6ff71328fde', '52f4d220-f3fb-42d7-a953-bcdaaa98c6ac', 'Romaguera, Fay and Abshire', '2022-03-13T11:12:40.057Z', '2022-03-13T11:12:40.057Z', 'romaguera-fay-and-abshire', 'Qui quae nam nesciunt et repudiandae. Et quo soluta saepe. Voluptatem consequatur aut velit qui cum veniam sequi.', 'Occaecati maxime cupiditate error vel deleniti officiis ab. Harum eos accusantium quia suscipit eveniet in et sed voluptates. Ea molestiae iure nihil placeat repellendus dolorum. Non qui qui eos dignissimos quidem quam consequuntur.
 Consequatur quasi dignissimos sequi. Et praesentium excepturi sapiente ipsam sequi non odio. Deserunt numquam quasi. Iusto omnis quibusdam facilis deserunt laborum. Animi odio temporibus velit laboriosam recusandae dolore consequatur quae. Doloremque ut dicta eum voluptatem harum.
 Possimus optio in veritatis quos. Occaecati eius totam laboriosam ipsam voluptas id voluptatum laborum. Quis nihil perspiciatis recusandae vel magnam eum ab ipsum. Nobis asperiores culpa aut. Eius non eligendi est qui.', 'http://placeimg.com/1020/800/people?40086', 'Tunisia, Belgium', '91', '1994', 'http://tough-dill.org', 'http://angelic-mattock.info', TRUE);
INSERT INTO public.orgs 
            (id, author_id, name, created_at, updated_at, slug, description, long_description, main_image, geography, size, founded_at, link_processes, link_financials, is_test_data)
            VALUES
            ('ed49e89f-0958-4734-909a-0f8a075e2a6f', '0ee21405-4479-41dc-8a2d-bb55df4b0256', 'Stark - Nader', '2022-03-13T11:12:40.057Z', '2022-03-13T11:12:40.057Z', 'stark-nader', 'Magnam ullam sed odit molestiae officiis sit debitis tempora corporis. Saepe quas est magnam dolore id non nisi optio magnam. Assumenda necessitatibus odio autem nihil dolores.', 'Omnis accusantium sapiente voluptates totam aut quia autem. Libero facilis rerum perspiciatis ut explicabo. Exercitationem ut mollitia nam. Omnis quia et quasi est odit optio sit beatae qui. Quibusdam nihil doloribus et cupiditate. Ipsam iure deleniti consequuntur numquam laborum doloribus perspiciatis.
 Iure rerum vero a. Quo quia fuga. Animi minima maxime veniam vero consequatur sit exercitationem sed velit.
 Quibusdam sit aut non et sed. Minus nesciunt possimus aut ipsam nesciunt aperiam. Voluptas pariatur et ipsum corporis quam. Omnis non quam accusamus. Esse consectetur facilis quia.', 'http://placeimg.com/1020/800/people?77779', 'Moldova, Lao Peoples Democratic Republic', '18', '2002', 'https://every-nick.name', 'http://back-menopause.info', TRUE);
INSERT INTO public.orgs 
            (id, author_id, name, created_at, updated_at, slug, description, long_description, main_image, geography, size, founded_at, link_processes, link_financials, is_test_data)
            VALUES
            ('8e84bbf3-1ce9-4d8a-92bb-29b4ab0f70cf', '514ed7af-501a-45a3-ba97-829a3b03f123', 'Kilback - Brown', '2022-03-13T11:12:40.057Z', '2022-03-13T11:12:40.057Z', 'kilback-brown', 'Omnis est voluptate maxime voluptatum est enim animi. Explicabo sunt aliquid error. Voluptas voluptatem dolorum. Culpa impedit a sit qui id expedita rerum.', 'In explicabo et. Voluptas dicta qui ex consequuntur provident. Suscipit dolorem aut. Voluptates ex vel ut enim quas voluptate et iure omnis. Ab molestiae est architecto veniam. Eum voluptates distinctio sit sint velit architecto pariatur et aspernatur.
 Possimus et corrupti. Quia accusamus consequuntur eveniet asperiores temporibus. Quaerat modi repellat sit alias. Dolor neque tempora repudiandae delectus eligendi aut ut rem. Voluptas eos aut dignissimos reiciendis voluptatem possimus.
 Sed qui ipsum et. Amet occaecati ratione incidunt reprehenderit. Aut magnam similique omnis enim non aliquam autem vero. Aut expedita quo pariatur quia ipsum quos officiis deserunt facilis.', 'http://placeimg.com/1020/800/people?54143', 'Micronesia, Iran', '97', '1998', 'https://bustling-exhaust.biz', 'https://scornful-self-control.com', TRUE);
INSERT INTO public.orgs 
            (id, author_id, name, created_at, updated_at, slug, description, long_description, main_image, geography, size, founded_at, link_processes, link_financials, is_test_data)
            VALUES
            ('ac739be6-cd3e-4fce-8751-0fbc36cc4acd', '744b96c9-8d8b-45e7-8d44-55b551c976c2', 'Flatley, Thiel and Rowe', '2022-03-13T11:12:40.057Z', '2022-03-13T11:12:40.057Z', 'flatley-thiel-and-rowe', 'Cupiditate voluptas in quia. Eos voluptatem hic ea aspernatur unde ex architecto illo et. Unde voluptatem laborum aut consectetur reprehenderit. Voluptatem deserunt rerum et.', 'Exercitationem et et blanditiis qui incidunt. Et natus explicabo est dolorem in. Iste laudantium aut et. Quos reprehenderit voluptas et suscipit aut voluptatem.
 Numquam amet ducimus ut quis doloremque iure harum totam. Voluptas rerum aspernatur neque at ipsam culpa illum facere et. Libero incidunt rerum et molestiae. Consequuntur eum illum et fuga velit qui nostrum omnis.
 Labore assumenda rerum eum id illum rem rerum tenetur. Ea nihil vero rerum doloribus. Illum ut voluptatem cupiditate inventore qui. Beatae quas iusto aut esse et quo facere voluptatem occaecati. Sint deleniti debitis occaecati.', 'http://placeimg.com/1020/800/people?95926', 'Cambodia, Fiji', '57', '2003', 'http://plush-function.biz', 'http://shallow-cotton.com', TRUE);
INSERT INTO public.orgs 
            (id, author_id, name, created_at, updated_at, slug, description, long_description, main_image, geography, size, founded_at, link_processes, link_financials, is_test_data)
            VALUES
            ('c5b4a156-e03b-44ae-af3f-553f420c16a9', '744b96c9-8d8b-45e7-8d44-55b551c976c2', 'Borer, Feil and Kuvalis', '2022-03-13T11:12:40.057Z', '2022-03-13T11:12:40.057Z', 'borer-feil-and-kuvalis', 'Magnam ipsam odit quia. Quis odit doloremque dolor suscipit consequatur eius quo qui. Quidem sed tempore et et aut omnis beatae voluptas. In repudiandae eaque numquam officia est eos aspernatur blanditiis. A optio eaque nobis voluptatum ipsa inventore accusamus sapiente rerum.', 'Quam itaque ut qui consequatur perferendis tempora deserunt odio aut. Minima ut voluptatem qui. Facilis sapiente rerum nihil harum voluptatem quae ullam. Molestiae laboriosam beatae illum id itaque quidem id. Ullam vel ducimus placeat laborum.
 Omnis et qui quo odit molestias odit qui. Eligendi aliquam eos quas et. Earum rerum et non expedita eos pariatur sunt ipsum. Fugiat sint enim doloremque quas eum quo.
 Quas sunt iste nulla quis explicabo consequatur consequatur. Vel eos harum aliquam minus aspernatur sed voluptas unde non. Deserunt veritatis reiciendis quos officia ea fugit saepe repellat. Voluptatum libero et quibusdam non maiores reprehenderit molestias rerum.', 'http://placeimg.com/1020/800/people?93105', 'Tunisia, Macedonia', '7', '1981', 'https://judicious-exclamation.info', 'https://ornery-heroine.biz', TRUE);
INSERT INTO public.orgs 
            (id, author_id, name, created_at, updated_at, slug, description, long_description, main_image, geography, size, founded_at, link_processes, link_financials, is_test_data)
            VALUES
            ('b6936fb1-a9f4-4376-a62d-7c91128d95e4', 'f079abf7-bb15-4eb2-9914-78f311f849e4', 'Funk and Sons', '2022-03-13T11:12:40.057Z', '2022-03-13T11:12:40.057Z', 'funk-and-sons', 'Porro assumenda est quibusdam dolorem illo nulla et. Sapiente veniam sit vel consequatur aut commodi repudiandae. Dolorem rerum aliquam aliquam adipisci voluptatem voluptates nihil. Est incidunt earum.', 'Amet recusandae et autem voluptatem sint aut odit optio. Non ea doloremque suscipit nam voluptatum officiis et ipsam debitis. Cupiditate rem ipsum qui est. Non officiis dolorem saepe. Minima enim rem temporibus provident voluptatum repudiandae tenetur velit delectus.
 Excepturi sit quod omnis. Voluptates fugiat eligendi debitis ratione voluptates dolorum iste rerum eos. Fugit sint quis sit rerum aut ut ducimus nostrum. Ab voluptas rerum impedit architecto aut architecto aliquam. Est dolorum eum dignissimos perspiciatis animi similique. Est molestiae animi rerum labore officiis.
 Maxime aliquid voluptas adipisci quo qui voluptatem laboriosam mollitia ipsum. Autem eius sed. Libero necessitatibus qui asperiores similique. Vero perferendis odit laborum et tempore culpa.', 'http://placeimg.com/1020/800/people?58164', 'New Caledonia, Morocco', '45', '1998', 'http://selfish-bulk.net', 'https://obedient-bulk.biz', TRUE);
INSERT INTO public.orgs 
            (id, author_id, name, created_at, updated_at, slug, description, long_description, main_image, geography, size, founded_at, link_processes, link_financials, is_test_data)
            VALUES
            ('4e7dd02b-1490-4352-9df3-e2bd5e883851', '0b11eba4-6a23-4b04-ba9a-38ebf8e2a692', 'Lynch and Sons', '2022-03-13T11:12:40.057Z', '2022-03-13T11:12:40.057Z', 'lynch-and-sons', 'Nesciunt minus ipsa laboriosam numquam corporis rerum soluta odit dolor. Necessitatibus nam inventore ex nemo sunt. Iusto sed voluptas eveniet.', 'Voluptas harum aspernatur distinctio assumenda veniam sapiente doloribus et. Doloribus qui illo. Asperiores porro culpa officiis possimus.
 Quia mollitia modi illum eos ipsam. Eveniet rerum asperiores iure nihil sed non dolorum velit similique. Doloribus ad rerum qui magnam qui maxime ipsum nam numquam. Quas temporibus temporibus et ipsum doloribus nobis officiis. At et quasi consectetur libero corporis non.
 Distinctio tenetur laboriosam magni. Praesentium et quia eum. Est hic ut veritatis cupiditate.', 'http://placeimg.com/1020/800/people?57787', 'Israel, Egypt', '52', '2018', 'http://these-accordion.com', 'https://brief-mailer.net', TRUE);
INSERT INTO public.orgs 
            (id, author_id, name, created_at, updated_at, slug, description, long_description, main_image, geography, size, founded_at, link_processes, link_financials, is_test_data)
            VALUES
            ('b2a4d53d-3609-46fa-b8cf-638a9c0bf2ff', 'c8b15c2c-0706-4ae5-b8ca-0b36200e76ef', 'Boehm Inc', '2022-03-13T11:12:40.057Z', '2022-03-13T11:12:40.057Z', 'boehm-inc', 'Qui consequatur assumenda occaecati incidunt qui quaerat aspernatur. Nostrum molestiae commodi vel consequatur nisi ex. Tempora veritatis est ut illum corporis impedit qui sunt consequatur.', 'In et et. Non quibusdam voluptas magnam neque qui consequatur laborum quos. Sequi ratione provident sed ullam odit. Aliquid placeat quos similique odit.
 Quia sed quia nihil ut. Quia excepturi id. Harum vero recusandae quos perferendis libero sapiente.
 Iste quibusdam quo dicta. Voluptatem iusto nemo et dolor sit quia id ad. Nulla ratione voluptatibus fugit doloremque nesciunt neque harum voluptas aut.', 'http://placeimg.com/1020/800/people?64958', 'Saint Barthelemy, Bangladesh', '52', '1996', 'https://specific-luxury.net', 'https://neighboring-reception.info', TRUE);
INSERT INTO public.orgs 
            (id, author_id, name, created_at, updated_at, slug, description, long_description, main_image, geography, size, founded_at, link_processes, link_financials, is_test_data)
            VALUES
            ('b4ca8169-b12b-454c-b385-24f15d952c4e', '52f4d220-f3fb-42d7-a953-bcdaaa98c6ac', 'Kautzer, Moen and Hermiston', '2022-03-13T11:12:40.057Z', '2022-03-13T11:12:40.057Z', 'kautzer-moen-and-hermiston', 'Nemo deserunt non sed atque nostrum. Officiis consequatur sunt officia et expedita quod quaerat sunt. Eos sit tenetur consequatur facere qui omnis est velit rem. Exercitationem sed quia voluptates doloribus in delectus impedit. Nisi velit dicta atque animi dolor et consectetur praesentium voluptatibus.', 'Omnis repellendus quis consequatur voluptatum in pariatur consequuntur. Non repudiandae eligendi. Pariatur omnis eum. Aspernatur id quod. Neque quidem dicta in exercitationem cumque dolorem.
 Corrupti dolores aut qui. Illo voluptatum id ex voluptatem et animi. Nihil commodi molestiae suscipit aut. Veritatis soluta quisquam ex repellendus quia et quia facilis et. Veniam et reiciendis dolor eveniet. Reiciendis necessitatibus amet.
 Animi beatae consectetur nihil aliquam. Amet delectus maiores in nam. Illum et sint. Alias minima corporis voluptas delectus sit eum non in. Reiciendis dicta qui voluptate quod autem suscipit fugiat voluptas quidem. Nesciunt quia nemo.', 'http://placeimg.com/1020/800/people?23740', 'Indonesia, Liberia', '89', '1980', 'https://miniature-mouton.net', 'https://good-cascade.org', TRUE);
INSERT INTO public.orgs 
            (id, author_id, name, created_at, updated_at, slug, description, long_description, main_image, geography, size, founded_at, link_processes, link_financials, is_test_data)
            VALUES
            ('4adb0382-b914-4b13-9cf4-55a9a0b5ff8e', 'f079abf7-bb15-4eb2-9914-78f311f849e4', 'Hintz - Ruecker', '2022-03-13T11:12:40.057Z', '2022-03-13T11:12:40.057Z', 'hintz-ruecker', 'Nihil cumque voluptates est. Et porro porro unde adipisci rerum tenetur architecto aperiam rerum. Culpa exercitationem non enim error vero et suscipit. In molestias totam. Officia consequatur nobis autem. Ut aut non assumenda consequatur inventore quo quas perferendis et.', 'Vel optio saepe. Quos voluptas et repellat sed sunt corporis provident. Voluptates molestias mollitia. Voluptatem blanditiis odit necessitatibus omnis rerum sapiente. Autem voluptatum et sunt enim sunt doloribus.
 Ut inventore adipisci dolor est. Aut velit vel facere. Dolores tempora qui asperiores et. Id voluptas mollitia vero qui nostrum.
 Consectetur cum commodi voluptas molestiae. Laborum rerum quia ipsa quod officia et reiciendis. Aut libero vitae est et reiciendis delectus est dolor. Autem quos voluptate ad repellat quia sint et occaecati et.', 'http://placeimg.com/1020/800/people?15172', 'India, Tokelau', '85', '2012', 'https://dreary-inflammation.com', 'https://nimble-snowflake.name', TRUE);
INSERT INTO public.orgs 
            (id, author_id, name, created_at, updated_at, slug, description, long_description, main_image, geography, size, founded_at, link_processes, link_financials, is_test_data)
            VALUES
            ('0db28eb8-5518-41b7-8539-6ab1ecf83bac', '0b11eba4-6a23-4b04-ba9a-38ebf8e2a692', 'Hintz, Keeling and Brekke', '2022-03-13T11:12:40.057Z', '2022-03-13T11:12:40.057Z', 'hintz-keeling-and-brekke', 'Voluptatem et et sapiente ipsa eum iure pariatur. Sunt esse fugit nesciunt eos qui soluta exercitationem possimus. Tempora laboriosam autem et illum odio expedita. Qui voluptate laborum voluptates dolor quis et et. Aperiam voluptas sunt omnis.', 'Saepe autem animi excepturi. Sed est consequuntur autem molestiae quaerat consequatur vero voluptatem maxime. At qui possimus blanditiis qui quis.
 Consequatur facere enim voluptas est ducimus est molestiae in corrupti. Dicta est quam. Quod alias qui. Architecto sequi exercitationem nulla iste perferendis error magnam quo.
 Quae asperiores voluptate. Reiciendis temporibus a error accusantium quod id fugit neque. At deleniti natus et qui excepturi.', 'http://placeimg.com/1020/800/people?78166', 'Afghanistan, Sierra Leone', '20', '1986', 'https://worse-underpants.net', 'https://quaint-newsprint.org', TRUE);
INSERT INTO public.orgs 
            (id, author_id, name, created_at, updated_at, slug, description, long_description, main_image, geography, size, founded_at, link_processes, link_financials, is_test_data)
            VALUES
            ('87c37b49-90d7-4be3-ab65-2a1766e04b65', '0b11eba4-6a23-4b04-ba9a-38ebf8e2a692', 'Rippin LLC', '2022-03-13T11:12:40.057Z', '2022-03-13T11:12:40.057Z', 'rippin-llc', 'Quia veniam perferendis assumenda ullam et. Pariatur et ea. Ullam quos laborum fugiat autem voluptatem.', 'Sunt deleniti expedita porro nam. Autem similique cupiditate accusamus vero et dignissimos. Aliquam nisi voluptate. Et assumenda sunt ea laborum similique ducimus praesentium excepturi dolore.
 Aut sit aut consequatur vel velit tempora ut eaque nihil. Dolor quam quibusdam maxime tempora dolores quia repudiandae fuga. Molestiae fugit inventore dolor sint ut. Blanditiis expedita voluptate a voluptas.
 Ut iure temporibus aliquid necessitatibus aut laborum et corporis totam. Sint sequi in consequatur consequuntur similique sit dolorem consequuntur provident. Ducimus vel iste labore omnis et. Iusto saepe veritatis eius quis. Rem excepturi et.', 'http://placeimg.com/1020/800/people?2145', 'Sri Lanka, Lesotho', '4', '1986', 'https://stylish-cormorant.com', 'https://actual-content.com', TRUE);
INSERT INTO public.orgs 
            (id, author_id, name, created_at, updated_at, slug, description, long_description, main_image, geography, size, founded_at, link_processes, link_financials, is_test_data)
            VALUES
            ('23a4c13c-413d-4df7-8709-3fa103e1358c', 'badeb83a-be46-4135-abf3-dd8859112e28', 'Lang Group', '2022-03-13T11:12:40.057Z', '2022-03-13T11:12:40.057Z', 'lang-group', 'Velit accusamus magnam asperiores quia tempore soluta. In repudiandae architecto esse sit aut explicabo. Enim pariatur deserunt nihil commodi non fugiat ut perferendis natus. Magni dignissimos neque explicabo.', 'Earum hic omnis delectus iusto ducimus quidem est. Rerum doloremque iusto. Modi voluptatem voluptas harum perferendis. Hic nulla eligendi doloribus tempore et est ut nihil sit. Alias animi fugiat quaerat ut amet expedita nobis. Reprehenderit nulla labore quis autem eaque repudiandae sunt corrupti non.
 Similique alias et aut neque. Totam quis ea vel aut eum dolores. Eius iusto et autem recusandae. Necessitatibus et necessitatibus labore libero dolore nobis laudantium. Quia illum ducimus est consequuntur ut commodi et voluptate consequatur.
 Rerum quas velit quae dolores. Labore ea iure voluptatibus est hic. Est harum aut voluptatem. Officiis eius et cumque. Accusamus eligendi repellat officia vel. Et eaque quasi qui voluptatem laborum.', 'http://placeimg.com/1020/800/people?73444', 'Botswana, Republic of Korea', '19', '1982', 'https://sick-march.net', 'https://noted-dentist.com', TRUE);
INSERT INTO public.orgs 
            (id, author_id, name, created_at, updated_at, slug, description, long_description, main_image, geography, size, founded_at, link_processes, link_financials, is_test_data)
            VALUES
            ('66a9fc3b-ea2d-41be-8964-55a8515613bd', 'badeb83a-be46-4135-abf3-dd8859112e28', 'Mosciski - Friesen', '2022-03-13T11:12:40.057Z', '2022-03-13T11:12:40.057Z', 'mosciski-friesen', 'Aspernatur saepe qui corrupti optio eos ex repudiandae iusto. Aspernatur aliquam voluptate ducimus et. Itaque eligendi deleniti accusantium est ut voluptas. Rerum voluptas dolores recusandae sit vel dolore qui quisquam. Facere et nihil ab. Et omnis unde tempora.', 'Minima omnis dolor enim animi. Qui vel eveniet. Molestiae exercitationem quis a beatae. Qui ut ipsa natus ut. Omnis rem nisi numquam vel tempore vel aspernatur temporibus.
 Ad tempora dolor. Exercitationem dolores similique tenetur eum qui ut. Aperiam non dolore. Dolores quis voluptas voluptatem non aliquam. Dolores ipsa placeat.
 Eaque dolorum enim reiciendis porro tempora nemo porro odio velit. Illo neque eius autem qui. Laudantium debitis deserunt odit sint aliquam. Accusantium adipisci blanditiis reiciendis sit. Vel architecto nisi.', 'http://placeimg.com/1020/800/people?40549', 'South Georgia and the South Sandwich Islands, Djibouti', '28', '2014', 'http://high-level-spec.org', 'http://bowed-tray.name', TRUE);
INSERT INTO public.orgs 
            (id, author_id, name, created_at, updated_at, slug, description, long_description, main_image, geography, size, founded_at, link_processes, link_financials, is_test_data)
            VALUES
            ('da98ca80-1257-466e-83a4-fa1dc5d95428', '0b11eba4-6a23-4b04-ba9a-38ebf8e2a692', 'Boyer and Sons', '2022-03-13T11:12:40.057Z', '2022-03-13T11:12:40.057Z', 'boyer-and-sons', 'Optio amet rerum distinctio perferendis vero adipisci at incidunt amet. Neque voluptas cupiditate sed rerum et enim. Asperiores voluptatem eius dolor odit dolores amet fugit architecto.', 'Consequatur omnis iusto ea molestiae tempore. Ratione autem voluptatem id aspernatur fuga rerum velit eos. Nihil aut et illo praesentium molestias ducimus magni. Adipisci eum ut consequatur. Et accusantium accusantium qui non saepe fugit commodi quia. Id ullam quis.
 Perferendis consequatur voluptates id dolores quam nesciunt pariatur ut. Similique expedita enim quos et dicta aperiam accusamus. Sit asperiores dolorem ut.
 Voluptatibus sunt non sit minus. Aspernatur animi reiciendis in iste numquam. Est dolorem voluptatem. Dicta nostrum voluptas.', 'http://placeimg.com/1020/800/people?13306', 'Canada, Tuvalu', '75', '2002', 'https://big-coat.name', 'http://mushy-woodland.org', TRUE);
INSERT INTO public.orgs 
            (id, author_id, name, created_at, updated_at, slug, description, long_description, main_image, geography, size, founded_at, link_processes, link_financials, is_test_data)
            VALUES
            ('67996314-df7c-49c6-8cb2-716f3c7fa327', '0ee21405-4479-41dc-8a2d-bb55df4b0256', 'Prohaska LLC', '2022-03-13T11:12:40.057Z', '2022-03-13T11:12:40.057Z', 'prohaska-llc', 'Cumque nam veniam autem porro perferendis error autem commodi iste. Sequi sint fuga voluptas est cum incidunt. Omnis aperiam numquam ut aut earum suscipit. Ex laborum vero ex.', 'Voluptatem blanditiis minus sint expedita nulla et veniam nihil. Voluptatibus molestiae et voluptatem at sit itaque possimus ipsum. Debitis voluptas consequatur. Architecto molestiae in placeat fuga dignissimos qui.
 Inventore dolor aspernatur. Iste et expedita aut quae suscipit. Animi ut iure. Aut aperiam eum iste id velit exercitationem est quasi aut. Omnis perspiciatis hic molestiae fuga mollitia repellendus quia.
 Pariatur quibusdam sed. Quae consectetur beatae quasi odio dolorem voluptatem officia culpa. Voluptates maxime nulla occaecati.', 'http://placeimg.com/1020/800/people?18338', 'Guadeloupe, Botswana', '37', '2019', 'http://active-heron.info', 'http://tangible-capacity.info', TRUE);
INSERT INTO public.orgs 
            (id, author_id, name, created_at, updated_at, slug, description, long_description, main_image, geography, size, founded_at, link_processes, link_financials, is_test_data)
            VALUES
            ('fd41651f-1ddf-4f18-8a92-bef387c75e9e', '0b11eba4-6a23-4b04-ba9a-38ebf8e2a692', 'Tromp, Reichert and Thiel', '2022-03-13T11:12:40.057Z', '2022-03-13T11:12:40.057Z', 'tromp-reichert-and-thiel', 'Expedita quis eligendi dolorem ipsam qui. Sapiente nam voluptatem voluptatum odio labore earum. Itaque architecto sed fugiat quia nostrum sit corrupti.', 'Dolorem quia odit sint nemo provident debitis ipsa hic sunt. Et aut deleniti incidunt error quidem velit eaque et deserunt. Necessitatibus iusto excepturi voluptatem blanditiis nam incidunt dolorum velit. Molestiae nulla et nihil autem et voluptate velit quidem autem. Et quisquam aliquam deleniti et.
 Provident voluptatem quam omnis aliquam omnis reiciendis voluptas unde harum. Cumque nisi accusamus molestiae commodi ex numquam error eos officia. Sit sed sit sapiente alias magnam consequuntur laudantium et. Voluptatem non minima.
 Molestias labore id cum. Est aut aperiam. Dolor consequatur est nihil officia iure aut placeat dolorem. Qui et sit dicta voluptatem fugiat adipisci non consequatur dicta. Esse natus aliquid nam.', 'http://placeimg.com/1020/800/people?66828', 'Jersey, Bosnia and Herzegovina', '35', '2001', 'http://rotating-howard.net', 'http://female-squid.com', TRUE);
INSERT INTO public.orgs 
            (id, author_id, name, created_at, updated_at, slug, description, long_description, main_image, geography, size, founded_at, link_processes, link_financials, is_test_data)
            VALUES
            ('ccd4a892-97db-420e-bf58-3eb6a634834a', 'f079abf7-bb15-4eb2-9914-78f311f849e4', 'Dickens LLC', '2022-03-13T11:12:40.057Z', '2022-03-13T11:12:40.057Z', 'dickens-llc', 'Iure nesciunt deserunt impedit rerum enim beatae. Omnis qui dolor consequatur minus. Quia asperiores laboriosam. Non assumenda consectetur tempore minima. Ut sit veritatis ex. Ut nesciunt adipisci.', 'Ea sit eaque. Voluptatem veritatis porro non iusto ut. Repellat vel vero totam est mollitia velit et pariatur. Fugit iusto id aut voluptatibus ut repellendus. Qui modi dolor dolore.
 Provident sit et incidunt at expedita aut. Voluptatum dolore qui. Laudantium eligendi nam consequuntur aut nesciunt. Maxime beatae possimus exercitationem vel ad aut tempora. Modi deleniti deserunt dolorem aut rerum architecto quidem. Eius deserunt placeat aut suscipit aperiam aut repellendus.
 Id qui vel at. Totam quibusdam eius. Sit commodi eos ab aut officia. Non nam excepturi quibusdam ut animi eveniet. Consectetur possimus vero numquam omnis sit officia ducimus. Atque quod sed optio vero.', 'http://placeimg.com/1020/800/people?6969', 'Trinidad and Tobago, Saint Barthelemy', '64', '1983', 'https://wordy-posterior.info', 'http://sweltering-sail.name', TRUE);
INSERT INTO public.orgs 
            (id, author_id, name, created_at, updated_at, slug, description, long_description, main_image, geography, size, founded_at, link_processes, link_financials, is_test_data)
            VALUES
            ('f3447cdc-a6e2-45d0-a28b-60f97b6c28a1', '744b96c9-8d8b-45e7-8d44-55b551c976c2', 'Boyer, Daugherty and Ankunding', '2022-03-13T11:12:40.057Z', '2022-03-13T11:12:40.057Z', 'boyer-daugherty-and-ankunding', 'Ex et laudantium reiciendis iste. Ut nobis eos voluptas quia dolorum sunt excepturi delectus necessitatibus. Soluta accusamus et omnis earum voluptas.', 'Quaerat autem non non a quod modi et. Aliquam vel occaecati vel nisi voluptas asperiores. Pariatur saepe sit dicta.
 Consequuntur esse deleniti dignissimos sequi. Voluptatibus est minus voluptatem soluta tempora omnis voluptas. Aliquid praesentium omnis et. Facilis ut maiores. Nulla soluta nihil quia debitis.
 Eligendi ut voluptas fugiat dolorem ut voluptatem tempora repudiandae quia. Ab error et quasi perferendis. Molestiae qui quia et quis molestiae pariatur alias. Sit quia consequatur unde nihil sunt. Consequatur dolores dicta.', 'http://placeimg.com/1020/800/people?31807', 'Montserrat, Belarus', '97', '2021', 'http://tricky-herbs.net', 'https://trivial-violence.org', TRUE);
INSERT INTO public.orgs 
            (id, author_id, name, created_at, updated_at, slug, description, long_description, main_image, geography, size, founded_at, link_processes, link_financials, is_test_data)
            VALUES
            ('a9de9b30-d59f-4ce1-bc13-32fd1a098c90', 'c8b15c2c-0706-4ae5-b8ca-0b36200e76ef', 'Little Group', '2022-03-13T11:12:40.057Z', '2022-03-13T11:12:40.057Z', 'little-group', 'Et odit itaque molestiae quia vel et dolor modi dolores. Consequatur inventore aliquam delectus hic sed. Ut atque deleniti excepturi dolorem odit modi dolore eligendi ut. Quo sit molestias debitis magni qui et consequatur ipsa delectus. Dicta enim et omnis quia sequi quia eius unde. Autem qui explicabo rerum tenetur fugiat fuga voluptatibus nobis reiciendis.', 'Facilis quidem voluptatibus. Aut dolorum explicabo enim quo qui a sapiente totam qui. Porro a provident aut porro aliquam velit qui minima. Quos beatae quod qui id labore aut.
 Asperiores reprehenderit placeat. Exercitationem fuga recusandae alias at. Et accusantium aspernatur quos quos et est. Dolores aliquid at ut perspiciatis iste aut exercitationem. Quia architecto ad id. Eveniet numquam similique qui.
 Nihil officia perferendis eius odio. Molestiae exercitationem esse dolorem. Consequatur repudiandae qui possimus ipsum et et et repudiandae.', 'http://placeimg.com/1020/800/people?92491', 'Hong Kong, Sri Lanka', '49', '1991', 'https://cooked-payee.org', 'https://whopping-means.com', TRUE);
INSERT INTO public.orgs 
            (id, author_id, name, created_at, updated_at, slug, description, long_description, main_image, geography, size, founded_at, link_processes, link_financials, is_test_data)
            VALUES
            ('113b151a-46c3-4ea6-a599-0cfd9d72cd1a', 'c8b15c2c-0706-4ae5-b8ca-0b36200e76ef', 'Dickinson, Schuppe and Zieme', '2022-03-13T11:12:40.057Z', '2022-03-13T11:12:40.057Z', 'dickinson-schuppe-and-zieme', 'Corporis explicabo velit qui molestiae. Alias expedita reprehenderit quaerat quia. Tenetur ut maxime.', 'Ut voluptatum et. Quo in velit. Autem impedit voluptate iusto ipsum. Eligendi quos incidunt repudiandae.
 Laborum est rerum ut ratione quo eum rem. Recusandae quia aut aut maxime atque nobis ad in. Neque totam delectus autem ut. Aspernatur ratione quaerat hic dolorum alias est modi nisi totam.
 Qui rerum id quisquam assumenda. Aut perspiciatis adipisci sequi repellat eaque nulla. Impedit sint sint distinctio iure provident voluptatem ut. Eos qui quo culpa. Aspernatur voluptates eum enim iste aut sit id possimus molestiae. Modi maxime qui dolorem.', 'http://placeimg.com/1020/800/people?57620', 'Croatia, Bahamas', '1', '1981', 'https://standard-consignment.org', 'https://apt-sundae.info', TRUE);
INSERT INTO public.orgs 
            (id, author_id, name, created_at, updated_at, slug, description, long_description, main_image, geography, size, founded_at, link_processes, link_financials, is_test_data)
            VALUES
            ('1b48efce-7bfb-408f-9bc2-ec7cf0fee324', 'badeb83a-be46-4135-abf3-dd8859112e28', 'Purdy Inc', '2022-03-13T11:12:40.057Z', '2022-03-13T11:12:40.057Z', 'purdy-inc', 'Sit non libero eaque porro unde sit sed et. Fuga eos tempora. Consequuntur similique voluptatibus et. Explicabo ullam eos.', 'Maxime quae qui fuga suscipit. Placeat illum necessitatibus aliquam vitae et minus. Perspiciatis dolores sit quam non nobis magni asperiores saepe expedita. Laboriosam nihil aut cum rem necessitatibus a non accusantium. Possimus magni et corrupti odit. Quo odit qui eum rerum.
 Qui officiis debitis consequuntur quo. Quidem at est. Harum eaque ullam possimus fugiat harum magnam ipsum.
 Iusto sunt qui id. Ipsam recusandae placeat pariatur vel possimus fugiat non consequuntur. Nobis laudantium blanditiis et qui ab quo provident amet.', 'http://placeimg.com/1020/800/people?16110', 'New Zealand, Marshall Islands', '73', '1994', 'http://experienced-hydrofoil.net', 'https://grubby-igloo.biz', TRUE);
INSERT INTO public.orgs 
            (id, author_id, name, created_at, updated_at, slug, description, long_description, main_image, geography, size, founded_at, link_processes, link_financials, is_test_data)
            VALUES
            ('d4dc1d02-b357-411b-b673-724a3b5448c3', '0b11eba4-6a23-4b04-ba9a-38ebf8e2a692', 'Walsh, Schmidt and Treutel', '2022-03-13T11:12:40.057Z', '2022-03-13T11:12:40.057Z', 'walsh-schmidt-and-treutel', 'Vel nihil quidem ut eaque. Ex doloribus qui libero. Laborum a eveniet voluptas quam quia nulla. Dolorem eos quia dolorem magnam ducimus nihil voluptatem possimus. Excepturi autem quisquam ex laboriosam.', 'Vel consequatur consequatur et corrupti. Harum dolor omnis repudiandae mollitia sequi dicta eos ab. Quia corrupti exercitationem fugiat asperiores qui est quam magni aliquam.
 Numquam quidem tempore labore pariatur enim similique. Quidem deleniti similique quis repudiandae magni aut voluptatibus voluptas consequatur. Et incidunt qui cupiditate mollitia voluptas inventore. Harum aliquid qui. Et nihil est provident temporibus nisi maxime quisquam perferendis.
 Consequatur ad esse incidunt rerum consequatur est eum qui cumque. Facere veritatis excepturi dignissimos incidunt. Quae asperiores nulla tenetur quae.', 'http://placeimg.com/1020/800/people?84222', 'Isle of Man, Norway', '29', '2000', 'http://old-community.net', 'http://intelligent-savior.biz', TRUE);
INSERT INTO public.orgs 
            (id, author_id, name, created_at, updated_at, slug, description, long_description, main_image, geography, size, founded_at, link_processes, link_financials, is_test_data)
            VALUES
            ('c7dc1be5-c989-4e58-9437-090742e40c18', '0ee21405-4479-41dc-8a2d-bb55df4b0256', 'Kihn - Pagac', '2022-03-13T11:12:40.057Z', '2022-03-13T11:12:40.057Z', 'kihn-pagac', 'Autem a officia eveniet eligendi praesentium itaque quod eius ea. Unde numquam laudantium. Ex alias enim nesciunt rem voluptatem. Laudantium et qui error similique. Consequatur quia architecto soluta.', 'Asperiores culpa doloribus. Qui accusamus pariatur. Nobis alias ullam. Sint esse asperiores vitae natus accusamus eligendi omnis eum.
 Perferendis ut pariatur voluptatum a in voluptas esse. Quia consequatur nostrum ratione quae quia hic quos. Quisquam dolorum nam distinctio quas sunt qui ab quae dolore. Distinctio harum a maiores ex autem. Vel voluptas omnis. Qui delectus quia.
 Ratione repellendus dolorem nisi ut pariatur natus necessitatibus non. Ut eum sit impedit ea porro. Qui quis dolorem sit rem. Quos dignissimos alias assumenda sit sint alias nesciunt.', 'http://placeimg.com/1020/800/people?57372', 'Rwanda, Yemen', '72', '2001', 'http://unaware-eyelashes.com', 'http://joyful-cayenne.biz', TRUE);
INSERT INTO public.orgs 
            (id, author_id, name, created_at, updated_at, slug, description, long_description, main_image, geography, size, founded_at, link_processes, link_financials, is_test_data)
            VALUES
            ('b721ae8a-0404-42b3-a771-3c1ee76726b7', 'e24b77e7-97b7-4e72-b7b6-62c1ca2ef133', 'Herman, Robel and Pfeffer', '2022-03-13T11:12:40.057Z', '2022-03-13T11:12:40.057Z', 'herman-robel-and-pfeffer', 'Explicabo dolorem repellat velit in voluptate fuga enim illum eum. Eius expedita quo nesciunt libero delectus eum. Et voluptatem ut soluta. Minima illum quaerat recusandae dolor.', 'Eum ut nam et rerum aut vel et quod aut. Sunt iure aut inventore et et corporis sit et. Qui possimus beatae aut repudiandae aut non ea sit ut.
 Magni amet odio asperiores et rerum quo suscipit. Est nemo et enim voluptates ab odit voluptatibus. Rerum nobis autem voluptas voluptas. Tenetur quia dolores laboriosam in qui dolor et.
 Iure nobis odio. Autem dolore modi similique officia totam ut sit alias. Placeat veniam sint et quo et distinctio provident voluptas. Ipsam non enim exercitationem. Saepe quam vero et ducimus quis qui rem placeat.', 'http://placeimg.com/1020/800/people?67348', 'Turkey, Anguilla', '27', '1986', 'https://disgusting-fox.info', 'https://studious-humidity.info', TRUE);
INSERT INTO public.orgs 
            (id, author_id, name, created_at, updated_at, slug, description, long_description, main_image, geography, size, founded_at, link_processes, link_financials, is_test_data)
            VALUES
            ('3c57bdce-38eb-4123-8ea4-b5060226f355', '4f887c23-2798-46d7-9638-9832e36f0056', 'Harvey and Sons', '2022-03-13T11:12:40.057Z', '2022-03-13T11:12:40.057Z', 'harvey-and-sons', 'Et maiores eos minus veniam dolores labore et velit. Error facilis voluptatibus est ea necessitatibus nisi distinctio vitae similique. Dignissimos blanditiis perferendis soluta consequatur. Fuga autem cum labore.', 'Et id fuga. Ut aut molestiae ipsum quae commodi vitae. Aut quisquam laborum in alias culpa officia aut. Accusantium et velit in laborum consequatur consectetur. Necessitatibus accusantium similique ipsa porro porro quibusdam.
 Provident vel quas mollitia consequatur. Totam commodi necessitatibus repellat excepturi molestiae quasi. Ea velit sequi possimus sit officiis in aut sunt eligendi. Culpa necessitatibus optio beatae minus minus nulla.
 Est error nihil ut. Eum corrupti dolore ipsum laudantium hic quam. Porro sed rem iure sequi totam impedit. Voluptatem molestiae blanditiis. Nemo deserunt aut aperiam quia explicabo dolorem consequatur. Corporis ut consequatur ut.', 'http://placeimg.com/1020/800/people?21899', 'Israel, Benin', '4', '2008', 'https://agonizing-partner.info', 'https://productive-degree.org', TRUE);
INSERT INTO public.orgs 
            (id, author_id, name, created_at, updated_at, slug, description, long_description, main_image, geography, size, founded_at, link_processes, link_financials, is_test_data)
            VALUES
            ('8940ace2-7953-44c2-b441-6db18609694d', '4f887c23-2798-46d7-9638-9832e36f0056', 'Corkery Inc', '2022-03-13T11:12:40.057Z', '2022-03-13T11:12:40.057Z', 'corkery-inc', 'Est et eum a corrupti quod et aut laboriosam. Ut eum molestias perferendis recusandae maxime sunt corporis rerum. Earum provident voluptatum unde velit autem voluptas autem unde. Distinctio id non ipsa deserunt quas temporibus labore a. Necessitatibus sit porro ad impedit suscipit facere assumenda voluptatibus.', 'Debitis voluptas recusandae nobis a voluptate. Voluptate dolores aut. Adipisci provident officia harum qui ea quia et neque. Facere reprehenderit error sit voluptatibus ullam officiis animi minus voluptatem. Impedit laudantium architecto cum rerum praesentium delectus laudantium. Veniam aut distinctio et facere qui tenetur et atque.
 Architecto aut nihil culpa veniam aliquam atque doloribus. Eum reiciendis dolorem doloribus modi delectus qui magni. Nulla eaque rerum.
 In voluptatum doloremque quas aliquid aut minima quasi recusandae omnis. Rerum qui dolore id molestiae repellendus animi. Fuga voluptatem quia eos ut pariatur repudiandae. Odio voluptatem libero maxime minus facilis. Tempora tempore consequatur itaque beatae.', 'http://placeimg.com/1020/800/people?41251', 'Republic of Korea, Cook Islands', '39', '1985', 'http://fat-neon.org', 'https://zany-anywhere.info', TRUE);
INSERT INTO public.orgs 
            (id, author_id, name, created_at, updated_at, slug, description, long_description, main_image, geography, size, founded_at, link_processes, link_financials, is_test_data)
            VALUES
            ('735fa47d-70de-4171-8e61-49485170e1ef', '0ee21405-4479-41dc-8a2d-bb55df4b0256', 'Nikolaus and Sons', '2022-03-13T11:12:40.057Z', '2022-03-13T11:12:40.057Z', 'nikolaus-and-sons', 'Nihil eius nulla vitae voluptatibus non quia. Pariatur et veniam non dolorem. Sunt ut magnam numquam error placeat non voluptate. Eum illum ea placeat numquam veritatis nobis sint provident.', 'Debitis provident alias soluta ad molestiae esse. Nesciunt laborum enim vel eveniet amet repellat excepturi veritatis. In ut eum voluptatem similique iusto quia quasi.
 Quia aut rerum odit. Odio nam voluptate ab iste vero. Nihil quia et ut necessitatibus quasi a nostrum eum. Minima ipsa quos dolor fugiat quis quasi architecto doloremque. Non est quia quae. Quia voluptatem qui quis sed voluptatum corrupti quisquam id.
 Dolorem libero dolor natus rerum mollitia et amet suscipit dolores. Rerum saepe et porro. Eos placeat in adipisci illum omnis tenetur. Ullam voluptates voluptatem. Est aliquam ad. Repudiandae magni suscipit reiciendis laudantium porro nemo autem.', 'http://placeimg.com/1020/800/people?88252', 'Norway, Mali', '66', '1981', 'https://productive-humor.net', 'http://bony-sycamore.org', TRUE);
INSERT INTO public.orgs 
            (id, author_id, name, created_at, updated_at, slug, description, long_description, main_image, geography, size, founded_at, link_processes, link_financials, is_test_data)
            VALUES
            ('fe311287-3c6a-496c-8299-7327a76268e9', '514ed7af-501a-45a3-ba97-829a3b03f123', 'Rodriguez Group', '2022-03-13T11:12:40.057Z', '2022-03-13T11:12:40.057Z', 'rodriguez-group', 'Voluptatem et at amet deserunt dolores itaque ipsum. Voluptatibus iste dicta itaque provident. Rerum qui aut perspiciatis magni. Molestiae quas placeat consequatur reiciendis voluptatibus alias culpa ea. Quis illum ut sit est culpa itaque. Itaque occaecati veritatis.', 'Aut fugiat rerum delectus non vel ut id. Nisi architecto omnis maxime dignissimos earum voluptatibus. Culpa dolorum quasi. Inventore eius commodi dolorum veniam quam laborum modi sed vel. Non animi fugiat ad rerum consequatur quos itaque in explicabo. Non dolor possimus dolorum aliquam quisquam.
 Ut soluta aliquam placeat similique magnam voluptas ut quo quo. Alias perspiciatis nostrum enim. Distinctio numquam accusantium et sint quia. Vel corporis ratione. Quibusdam dolor repudiandae dignissimos nobis vero sapiente fugit. Corrupti quaerat a quis.
 Sequi dolores at animi at rerum explicabo sapiente. Est harum sed et ut occaecati voluptatem. Ex dolor ratione veniam adipisci. Consequatur voluptas perferendis sed. Qui laudantium minima harum est eius.', 'http://placeimg.com/1020/800/people?89904', 'Finland, Gibraltar', '99', '2012', 'https://woeful-drake.info', 'http://fresh-tray.biz', TRUE);
INSERT INTO public.orgs 
            (id, author_id, name, created_at, updated_at, slug, description, long_description, main_image, geography, size, founded_at, link_processes, link_financials, is_test_data)
            VALUES
            ('0f17c011-3f55-4e74-b8d9-af562559ff7e', 'e24b77e7-97b7-4e72-b7b6-62c1ca2ef133', 'Champlin, Romaguera and Stamm', '2022-03-13T11:12:40.057Z', '2022-03-13T11:12:40.057Z', 'champlin-romaguera-and-stamm', 'Temporibus sunt aliquid autem deserunt quod porro quo maxime consequuntur. Repellat nihil omnis pariatur et repudiandae ex vel suscipit sit. Dignissimos mollitia sunt et.', 'Nisi reprehenderit excepturi ea repellat eum. Explicabo optio cum incidunt eum corporis accusantium deleniti nobis dolorum. Porro asperiores ex nam nemo commodi.
 Et reprehenderit quo ea et voluptates odit. Asperiores sequi numquam itaque vero aut. Eius temporibus aut qui et. Ad animi ipsum magni voluptatum et illum.
 Accusamus est soluta earum. Aspernatur non quaerat accusantium non voluptas. Voluptas sed pariatur at.', 'http://placeimg.com/1020/800/people?59185', 'Tunisia, Guinea', '67', '2005', 'https://guilty-criminal.org', 'http://imperturbable-produce.info', TRUE);
INSERT INTO public.orgs 
            (id, author_id, name, created_at, updated_at, slug, description, long_description, main_image, geography, size, founded_at, link_processes, link_financials, is_test_data)
            VALUES
            ('8052e122-c8d2-4ee5-84ed-653e81592a66', '0b11eba4-6a23-4b04-ba9a-38ebf8e2a692', 'Schaden LLC', '2022-03-13T11:12:40.057Z', '2022-03-13T11:12:40.057Z', 'schaden-llc', 'Similique illum voluptatibus. Magni occaecati odio sint dolores omnis dolores eaque. Quam nobis voluptatem quasi minus iste beatae non consectetur velit. Possimus voluptatem est dolorem perspiciatis. Quasi quas ex vitae repellat quod accusamus nihil beatae.', 'Labore recusandae non. Ut perferendis vero expedita. Saepe necessitatibus magni voluptates voluptatum. Vel harum molestiae delectus hic molestias eum. Voluptatem nostrum veniam atque sed et dolores nihil consequatur. Sit ea ipsa rerum aut deleniti quod.
 Accusamus reprehenderit deserunt voluptate dignissimos laborum. Saepe ullam dolor ad illo eos. Doloribus earum rerum reprehenderit eius. Corrupti vel doloremque repellendus et minima sit.
 Voluptates ad repellat quidem aut. Sint et non natus tempora magni non omnis illum optio. Facere est sunt ut. Voluptatem repellendus et iusto autem maiores eos nulla distinctio harum.', 'http://placeimg.com/1020/800/people?1691', 'French Polynesia, Iran', '7', '1983', 'https://blind-baseline.net', 'http://unique-notation.net', TRUE);
INSERT INTO public.orgs 
            (id, author_id, name, created_at, updated_at, slug, description, long_description, main_image, geography, size, founded_at, link_processes, link_financials, is_test_data)
            VALUES
            ('7dfa6987-82f8-46cc-b765-600e3785619d', 'f079abf7-bb15-4eb2-9914-78f311f849e4', 'Aufderhar LLC', '2022-03-13T11:12:40.057Z', '2022-03-13T11:12:40.057Z', 'aufderhar-llc', 'Dolores voluptatum quasi non et omnis iusto ipsam a rerum. Tenetur labore perferendis ab sapiente. Laborum quis et incidunt beatae. Et est corporis rem autem necessitatibus et sunt vel accusamus. Sit beatae distinctio dolore quo ex nesciunt et magnam. Non nisi ducimus veniam itaque quia.', 'Quas velit dolore. Distinctio sit voluptas enim qui distinctio adipisci suscipit. Deleniti dolor aut sed aliquid quo nobis aliquam aperiam. Perferendis aut maiores est ad pariatur et consequatur necessitatibus. Architecto saepe nostrum nam atque soluta provident quo non. Harum ratione quidem et itaque molestiae consequuntur repudiandae ut inventore.
 Esse soluta laboriosam quod reprehenderit non minus nulla et delectus. Aut animi dolorem velit neque voluptas sit qui harum quaerat. Laudantium pariatur esse ratione omnis cupiditate facilis facilis optio harum.
 Quibusdam temporibus rerum minus ut voluptas iusto. Vel in fugit et aut qui ad distinctio. Sit dolorem delectus iure ex in. Blanditiis blanditiis explicabo. Et qui molestias sapiente.', 'http://placeimg.com/1020/800/people?92134', 'Zambia, Finland', '25', '2007', 'http://slim-statistics.biz', 'http://same-boatload.net', TRUE);
INSERT INTO public.orgs 
            (id, author_id, name, created_at, updated_at, slug, description, long_description, main_image, geography, size, founded_at, link_processes, link_financials, is_test_data)
            VALUES
            ('3736838a-0e8a-49f6-a830-ad6fe9f432e0', 'c8b15c2c-0706-4ae5-b8ca-0b36200e76ef', 'Mraz, Donnelly and Hand', '2022-03-13T11:12:40.057Z', '2022-03-13T11:12:40.057Z', 'mraz-donnelly-and-hand', 'Voluptates quisquam est fuga. Numquam mollitia aut quia at dicta praesentium enim sunt. Earum voluptatem voluptate in praesentium. Accusantium error quia. Et et magni.', 'Similique quia a dolores perferendis expedita ab nobis ut quam. Tempora placeat vero rem et magnam. Tenetur libero ipsum et doloremque cum voluptas. Facere ipsa ut modi dignissimos labore deserunt velit. Dignissimos qui commodi quam neque nam repudiandae dolor.
 Nobis non velit non incidunt a. Dolorem qui voluptatibus facilis saepe ipsum porro officiis. Maxime labore molestias ad quaerat officiis ut voluptatem.
 Nihil vero rerum ut tempore dolorem. Voluptates unde occaecati impedit exercitationem sint reprehenderit in nihil. Qui fuga consequuntur et. Esse dignissimos consequatur doloremque vitae unde voluptas non unde accusamus. Fugiat quo illum expedita explicabo molestiae non corrupti.', 'http://placeimg.com/1020/800/people?97045', 'United Arab Emirates, Myanmar', '12', '1995', 'https://speedy-tenant.com', 'http://pleasant-comfort.info', TRUE);
INSERT INTO public.orgs 
            (id, author_id, name, created_at, updated_at, slug, description, long_description, main_image, geography, size, founded_at, link_processes, link_financials, is_test_data)
            VALUES
            ('30814608-a827-4e70-b53c-8f4ac4b73fcd', '514ed7af-501a-45a3-ba97-829a3b03f123', 'Waters LLC', '2022-03-13T11:12:40.057Z', '2022-03-13T11:12:40.057Z', 'waters-llc', 'Eos quasi assumenda repellendus ut dolores tempora temporibus. Illum ipsum laborum. Id vel eos praesentium.', 'Aliquid iste est ducimus sequi sed. Consequatur voluptatem ut qui consectetur ut harum deserunt. Consequatur at excepturi ab magnam reprehenderit non et et. Nihil est ipsam non quam maiores distinctio labore fugiat consequatur. Quaerat aliquam illum ipsam. Non veniam maiores enim minus fuga facere voluptate laborum repellat.
 Qui nostrum odit aliquam perspiciatis qui cupiditate officia laudantium tempora. Voluptatem id esse. Eos aut voluptatem earum architecto dolores eos possimus et tenetur.
 Sed iure est eveniet esse dolorem consequatur. Maiores quis esse. Dolores odit qui similique laudantium eum. Fuga labore rerum sapiente officiis veniam hic autem odio voluptatem. Cum est numquam delectus totam.', 'http://placeimg.com/1020/800/people?68633', 'Syrian Arab Republic, Kuwait', '89', '2010', 'http://empty-middleman.info', 'http://neighboring-vise.net', TRUE);
INSERT INTO public.orgs 
            (id, author_id, name, created_at, updated_at, slug, description, long_description, main_image, geography, size, founded_at, link_processes, link_financials, is_test_data)
            VALUES
            ('30cd4d52-56b5-4a1c-9987-0b586bdc462f', '0b11eba4-6a23-4b04-ba9a-38ebf8e2a692', 'Wilkinson, Green and Morar', '2022-03-13T11:12:40.057Z', '2022-03-13T11:12:40.057Z', 'wilkinson-green-and-morar', 'Nam inventore non beatae. Molestias rerum provident incidunt dolor maxime commodi. Aut corporis nihil aperiam numquam in. Qui in ut repellendus voluptatem mollitia dolor et voluptatem.', 'Ut iusto similique optio. Mollitia et nostrum ad at molestiae nihil dignissimos. Impedit animi iusto consequatur assumenda voluptatem qui fugiat et modi. Hic repellendus soluta impedit recusandae nihil quidem qui maiores. Quia necessitatibus ut quia. Dolore ut sequi modi cumque numquam repellat voluptatem incidunt voluptatem.
 Provident placeat repudiandae enim hic aut soluta. Rerum molestiae aliquid nulla quod reiciendis et et. Et eos laborum distinctio. Quas dolorem sapiente dolore quos. Libero quis consequatur et debitis est velit dignissimos qui aut.
 Repellendus qui ad magnam in eos ut omnis sunt. Nesciunt aut inventore voluptates. Iusto et ipsum est. Voluptatum et suscipit totam dolore quod.', 'http://placeimg.com/1020/800/people?91796', 'Georgia, Samoa', '43', '1996', 'http://incomparable-convertible.biz', 'http://pitiful-coonskin.net', TRUE);
INSERT INTO public.orgs 
            (id, author_id, name, created_at, updated_at, slug, description, long_description, main_image, geography, size, founded_at, link_processes, link_financials, is_test_data)
            VALUES
            ('6d16c86d-ae0a-4b8f-b6da-573e44624021', '52f4d220-f3fb-42d7-a953-bcdaaa98c6ac', 'Padberg, Waters and Mohr', '2022-03-13T11:12:40.057Z', '2022-03-13T11:12:40.057Z', 'padberg-waters-and-mohr', 'Voluptatem optio in quidem laboriosam dolores illum rerum illo dolore. Quisquam dolores sint quas officia recusandae sunt. Corporis voluptatibus iure. Labore voluptas fugit odit voluptatibus dolore rerum maxime vel molestiae. Natus nihil voluptatem sapiente veniam tempore vitae aliquid. Quaerat dolorem iste ipsam fugiat voluptatibus eligendi cumque sint eligendi.', 'Quia ut et. Qui sit et distinctio iure qui magnam. Perferendis delectus vel eveniet numquam soluta deserunt. Aperiam enim consequuntur minima mollitia sit ducimus rerum.
 Fugiat ipsum et id quis aut animi. Error eos et dolorem magni ut. Minima earum tempore ullam eos quia.
 Non harum corporis fugit ducimus iste ut sequi. Voluptas et accusantium quo assumenda dolorem sit reprehenderit. Quas repellat omnis enim eos et tenetur. Eveniet voluptas ipsam et. Rem soluta temporibus commodi.', 'http://placeimg.com/1020/800/people?32498', 'French Guiana, Virgin Islands, British', '52', '2013', 'https://corrupt-representative.com', 'http://colorful-closet.info', TRUE);
INSERT INTO public.orgs 
            (id, author_id, name, created_at, updated_at, slug, description, long_description, main_image, geography, size, founded_at, link_processes, link_financials, is_test_data)
            VALUES
            ('95eeae40-0ca8-44eb-a01e-462b0280df8e', '0ee21405-4479-41dc-8a2d-bb55df4b0256', 'Trantow, Haley and Ullrich', '2022-03-13T11:12:40.057Z', '2022-03-13T11:12:40.057Z', 'trantow-haley-and-ullrich', 'Eius consequuntur vero commodi rerum id magni amet. Molestiae dolores non non dolor assumenda accusamus iure. Deleniti sed eius. Non repellat eaque dolores voluptate. Ipsa accusantium maiores non maxime ab sequi nisi consequatur tenetur. Deleniti tempora sint suscipit aperiam.', 'Est odit sed voluptatem sit natus doloribus totam sed autem. Sit non repellendus eos harum eaque veritatis dolore id vero. Tenetur quisquam fugiat sint qui fuga labore consequatur. Itaque ullam cumque facilis. Et fugit id rerum quia quam qui rem rerum.
 Tempore cumque nulla quo. Repudiandae nobis incidunt unde eius excepturi sunt labore. Unde ut aperiam nihil culpa sapiente qui. Ad impedit saepe dolorem ea nihil animi qui exercitationem cumque. Vel neque dolorum distinctio. Quidem quas fugit explicabo perspiciatis.
 Et exercitationem occaecati sapiente. Deserunt quia neque est magni labore accusamus harum. Quia odit beatae harum qui.', 'http://placeimg.com/1020/800/people?87033', 'Qatar, Kiribati', '93', '2000', 'https://lined-burrito.biz', 'https://frightened-walkway.org', TRUE);
INSERT INTO public.orgs 
            (id, author_id, name, created_at, updated_at, slug, description, long_description, main_image, geography, size, founded_at, link_processes, link_financials, is_test_data)
            VALUES
            ('55307bb1-3719-45df-b2e9-c17438f0615d', 'f079abf7-bb15-4eb2-9914-78f311f849e4', 'Kuhn Inc', '2022-03-13T11:12:40.057Z', '2022-03-13T11:12:40.057Z', 'kuhn-inc', 'Aperiam praesentium voluptatem. Voluptatum nostrum tempora rerum recusandae rem rerum temporibus voluptatem totam. Accusantium consectetur eum tempora sed suscipit hic sit. Aut deleniti tempora accusantium rerum magni. Est assumenda eum quia atque. Culpa fugiat soluta aspernatur ut qui ea.', 'Voluptatibus optio fugit a quo. Ratione impedit culpa culpa iste eum et repellat voluptatem. Nisi dolorem sunt aliquam consequatur temporibus. Dolorem repellat consequatur nesciunt eos vel enim ut. Similique accusamus et delectus.
 Ducimus laborum dignissimos minus maxime. Voluptatem adipisci facilis incidunt. Sed ea dolorum.
 Officiis inventore necessitatibus velit odit ut porro laudantium deleniti. Aut itaque omnis. Ut voluptatem sit natus suscipit voluptatem omnis.', 'http://placeimg.com/1020/800/people?64916', 'Guinea-Bissau, Togo', '23', '2012', 'http://loathsome-bus.biz', 'http://purple-coupon.biz', TRUE);
INSERT INTO public.orgs 
            (id, author_id, name, created_at, updated_at, slug, description, long_description, main_image, geography, size, founded_at, link_processes, link_financials, is_test_data)
            VALUES
            ('e90a1492-090c-4ba8-ae9b-5c4b15c3eef1', '0b11eba4-6a23-4b04-ba9a-38ebf8e2a692', 'Beier, Corwin and Thompson', '2022-03-13T11:12:40.057Z', '2022-03-13T11:12:40.057Z', 'beier-corwin-and-thompson', 'Sapiente ipsam mollitia consequatur illo sint consequuntur consequatur accusantium. Eum veniam in. Optio ipsam ut aut rem fugit tempore dolores. Voluptas dolore et et molestiae rerum autem dolorem. Nisi est quos ipsum ratione.', 'Quam qui odio non eos omnis totam corporis modi similique. Perspiciatis consectetur voluptate fugit molestiae quo. Maiores consequatur rerum animi fugiat fuga minima. Sit ducimus sed repellendus aspernatur ullam nihil. Molestiae quas enim. Ducimus ea distinctio ipsam impedit cum corrupti doloribus.
 Quis officia dolores totam incidunt dolore sit nobis. Pariatur non et quas qui aut nisi eum. Ex et explicabo rerum labore accusamus sint cum. Similique excepturi nihil quod itaque in commodi rerum. Eum deleniti animi exercitationem quam tempora voluptas. Exercitationem aliquam sit ea est nemo.
 At assumenda architecto nihil qui neque. Asperiores at iure ratione excepturi quaerat et culpa. Aliquid voluptas ut aperiam id aliquam facere aperiam asperiores voluptatem.', 'http://placeimg.com/1020/800/people?83815', 'Bolivia, Dominica', '28', '2019', 'http://unsteady-base.name', 'https://violet-suitcase.com', TRUE);
INSERT INTO public.orgs 
            (id, author_id, name, created_at, updated_at, slug, description, long_description, main_image, geography, size, founded_at, link_processes, link_financials, is_test_data)
            VALUES
            ('21291e8e-f641-481b-bbd1-d4574692620e', 'e24b77e7-97b7-4e72-b7b6-62c1ca2ef133', 'Hickle Group', '2022-03-13T11:12:40.057Z', '2022-03-13T11:12:40.057Z', 'hickle-group', 'Amet molestias sit facilis eos et consequatur commodi eum reiciendis. Et saepe est nihil porro. Rerum maxime occaecati. Nisi corporis nam sunt quod. Unde id inventore odit aut et et est dolore. Omnis rem voluptates tempora nisi quas est perferendis quidem voluptas.', 'Enim suscipit eaque earum dolorem accusantium earum corporis optio. Nihil quasi aut tempora beatae dolorem. Voluptatem consequuntur delectus. Id soluta magni sequi voluptas tenetur vero.
 Quia consectetur enim ullam inventore dolorum. Vitae eaque ducimus quam similique labore accusamus delectus aspernatur. Voluptas laudantium sit reprehenderit ullam sed occaecati in sapiente. Adipisci aut illo inventore eligendi molestiae. Ullam iusto a soluta consequuntur autem qui.
 Reprehenderit fugiat porro dolor enim ea. Autem deleniti fuga qui similique quaerat omnis. Perspiciatis aut reiciendis. Voluptatibus aliquam nihil itaque corrupti eum natus eos et et.', 'http://placeimg.com/1020/800/people?57255', 'Kiribati, Ghana', '57', '1986', 'https://natural-fob.biz', 'http://hairy-estrogen.name', TRUE);
INSERT INTO public.orgs 
            (id, author_id, name, created_at, updated_at, slug, description, long_description, main_image, geography, size, founded_at, link_processes, link_financials, is_test_data)
            VALUES
            ('1480d435-2eed-47ab-b48c-24caaeeb2fe2', '0ee21405-4479-41dc-8a2d-bb55df4b0256', 'Frami, Reichert and Reichert', '2022-03-13T11:12:40.057Z', '2022-03-13T11:12:40.057Z', 'frami-reichert-and-reichert', 'Necessitatibus consequatur ipsa aspernatur. Voluptas provident fugit unde veniam nulla sequi quibusdam. Consequatur dolores ad quae voluptatum fugiat modi. Repudiandae magnam voluptatem qui pariatur totam sunt reiciendis. Sit laboriosam et sed quia ipsa aut sed.', 'Aperiam rerum voluptatem fugiat. Rerum necessitatibus ut molestiae. Praesentium sed nostrum quia non aliquam mollitia vero.
 Molestiae rerum omnis dolores. Rem est quasi omnis et rerum at. Distinctio sunt voluptate est similique non quos dolores facilis rem. Voluptatum autem voluptatem ab. Quisquam iste quae aut quis.
 Deleniti sunt tempora qui ad. Non pariatur nihil modi voluptas sit omnis autem voluptates. Voluptatem reiciendis ea doloribus molestiae sint voluptas voluptatem esse. Sed rerum et iure suscipit fuga qui omnis impedit atque.', 'http://placeimg.com/1020/800/people?97774', 'Vietnam, Guinea', '14', '2007', 'http://potable-consensus.name', 'https://dull-project.info', TRUE);
INSERT INTO public.orgs 
            (id, author_id, name, created_at, updated_at, slug, description, long_description, main_image, geography, size, founded_at, link_processes, link_financials, is_test_data)
            VALUES
            ('071381ec-0fb7-44a8-808f-ab729efd83db', 'badeb83a-be46-4135-abf3-dd8859112e28', 'Luettgen - Kirlin', '2022-03-13T11:12:40.057Z', '2022-03-13T11:12:40.057Z', 'luettgen-kirlin', 'Eos nam quisquam ut. Dolorem doloribus aut et odio voluptatum voluptas. Nesciunt iure fuga et aspernatur laudantium voluptas molestiae quia.', 'Quis possimus qui enim ex amet maxime. Error omnis nobis. Doloremque omnis illo delectus ut eligendi sit officiis ut harum. Voluptates pariatur non optio et magni odit. Nam quisquam quis sed ab.
 Quia aspernatur mollitia saepe ut. Ut reiciendis perspiciatis architecto qui beatae molestiae ex voluptatem. Non vero qui sit ut.
 Dignissimos nulla nihil. Ab vero velit hic impedit necessitatibus iure. Ut sequi quia. Ipsa quia rerum sit voluptas quae consectetur atque quibusdam. Aliquam velit natus sit amet.', 'http://placeimg.com/1020/800/people?72031', 'Armenia, Papua New Guinea', '17', '2017', 'https://enraged-great-grandmother.biz', 'https://corny-infarction.com', TRUE);
INSERT INTO public.orgs 
            (id, author_id, name, created_at, updated_at, slug, description, long_description, main_image, geography, size, founded_at, link_processes, link_financials, is_test_data)
            VALUES
            ('880dfb41-4cb9-4ba3-9c44-8123f2c6a5ff', '0ee21405-4479-41dc-8a2d-bb55df4b0256', 'Ryan, Farrell and Parker', '2022-03-13T11:12:40.057Z', '2022-03-13T11:12:40.057Z', 'ryan-farrell-and-parker', 'Molestiae voluptatem ducimus labore quae voluptatem consequatur. Aperiam doloremque quia omnis. Quaerat aut sint vitae recusandae saepe maxime nobis dolor. Expedita omnis sit iure eveniet molestiae sed qui sed. Error est culpa est facere. Praesentium molestiae dolor.', 'Id vitae animi soluta aut. Distinctio natus occaecati aut alias est odit ut. Eligendi qui eveniet sed sit aut omnis ullam quia aut.
 Amet accusantium deserunt illo officia fuga. Est cupiditate ullam odit aliquid. Enim et ut provident cumque illo. Iure eligendi laboriosam accusantium iure et dolorum.
 Sapiente excepturi quaerat ullam animi omnis sapiente. Ea consequatur nesciunt illo. Quo adipisci magni quis sunt eum. Tempore sed et numquam magni molestiae aut vel porro aliquid.', 'http://placeimg.com/1020/800/people?17808', 'Peru, Tokelau', '45', '2013', 'http://plain-pantyhose.biz', 'http://corny-poignance.com', TRUE);
INSERT INTO public.orgs 
            (id, author_id, name, created_at, updated_at, slug, description, long_description, main_image, geography, size, founded_at, link_processes, link_financials, is_test_data)
            VALUES
            ('ca072ba2-5b59-4eba-b217-da288d5da229', '52f4d220-f3fb-42d7-a953-bcdaaa98c6ac', 'Schneider Inc', '2022-03-13T11:12:40.057Z', '2022-03-13T11:12:40.057Z', 'schneider-inc', 'Rerum soluta ut eum delectus repellendus. Necessitatibus in sed et maiores id repudiandae. Animi voluptate dolorem aut nulla ipsam in soluta eligendi.', 'Dolores asperiores provident. Voluptatem quo id optio. Distinctio dicta aspernatur eos. Et voluptate dignissimos tempora molestiae nemo nihil mollitia sed animi.
 Voluptatibus vitae minima explicabo ex. Nihil aperiam sit necessitatibus sed qui aliquid blanditiis ratione. Omnis nihil quos fuga aperiam velit. Recusandae quisquam rerum molestiae aut. Molestias consequatur placeat non molestiae.
 Voluptas iure quam. Ut nulla architecto dolor est. Et culpa et totam dolores suscipit dolores earum accusantium. Sit officia blanditiis non explicabo repellat consequuntur voluptates vitae. Illo nostrum id atque libero ut aliquam. Iste ut a adipisci.', 'http://placeimg.com/1020/800/people?92043', 'Timor-Leste, Mongolia', '81', '2020', 'http://arid-mayonnaise.org', 'http://delightful-other.name', TRUE);
INSERT INTO public.orgs 
            (id, author_id, name, created_at, updated_at, slug, description, long_description, main_image, geography, size, founded_at, link_processes, link_financials, is_test_data)
            VALUES
            ('dc317e71-1f5d-4bbe-af4f-d336cc234192', 'badeb83a-be46-4135-abf3-dd8859112e28', 'Labadie Group', '2022-03-13T11:12:40.057Z', '2022-03-13T11:12:40.057Z', 'labadie-group', 'Nulla reprehenderit consectetur sed reiciendis ad. Rem rerum perspiciatis harum illo inventore ducimus. Ea unde dolorum voluptas nemo qui. Eligendi ea quia at qui.', 'Consequatur dolorum dolorum est. Soluta eum harum cupiditate sit at mollitia. Pariatur incidunt commodi.
 Fugiat minus modi dolor aut consequatur. Unde eligendi illum deserunt amet dolorem eveniet consectetur nisi. Excepturi est ducimus. Quidem eius aut nihil illo et sint similique soluta eos. Neque voluptatem reprehenderit et. Nihil praesentium placeat.
 Ducimus porro voluptas voluptates praesentium veritatis laudantium commodi libero. Incidunt minus aperiam adipisci rem inventore et. Praesentium nobis voluptatem sint architecto voluptas quae non.', 'http://placeimg.com/1020/800/people?85361', 'Guinea-Bissau, Iraq', '17', '2017', 'https://heavenly-brocolli.info', 'http://indolent-salsa.name', TRUE);
INSERT INTO public.orgs 
            (id, author_id, name, created_at, updated_at, slug, description, long_description, main_image, geography, size, founded_at, link_processes, link_financials, is_test_data)
            VALUES
            ('2e05a6e1-1664-47d1-a4a9-abdb4cdba945', 'f079abf7-bb15-4eb2-9914-78f311f849e4', 'Nienow, McGlynn and Thompson', '2022-03-13T11:12:40.057Z', '2022-03-13T11:12:40.057Z', 'nienow-mcglynn-and-thompson', 'Ad dicta ut et nostrum rem quo explicabo sit consequuntur. Qui eum eum nihil hic neque adipisci nostrum quibusdam ullam. Aut sunt vero fugiat.', 'Reprehenderit iste autem quas distinctio. Molestiae consequatur id praesentium commodi velit beatae aut nisi. Nostrum facere mollitia iusto. Dolor nam quos voluptatem error sit. Rerum consequatur harum quo nisi. Adipisci culpa nostrum autem.
 Aspernatur quia voluptate et quae dicta. Quasi rerum nihil earum doloribus voluptatibus blanditiis eveniet nisi esse. Doloremque adipisci consectetur sit laboriosam consequatur iusto. Voluptatem fugit omnis. Minus ut occaecati non aliquam. Totam et velit consequatur inventore consequatur repellendus numquam voluptatem laudantium.
 Blanditiis commodi harum ut. Voluptatibus ut qui possimus veniam delectus est. Delectus iusto et sequi distinctio. Minima eos cum iusto officia necessitatibus consequatur maiores. Quibusdam aliquam qui itaque ad deleniti rerum debitis id consequatur. Enim ut et quia minus.', 'http://placeimg.com/1020/800/people?10233', 'Democratic Peoples Republic of Korea, Haiti', '73', '1983', 'http://incredible-marxism.com', 'https://official-clock.biz', TRUE);
INSERT INTO public.orgs 
            (id, author_id, name, created_at, updated_at, slug, description, long_description, main_image, geography, size, founded_at, link_processes, link_financials, is_test_data)
            VALUES
            ('0300b803-0602-4de2-b428-d35860bb9233', '4f887c23-2798-46d7-9638-9832e36f0056', 'Klein LLC', '2022-03-13T11:12:40.057Z', '2022-03-13T11:12:40.057Z', 'klein-llc', 'Nam id dolor consequatur provident rerum officiis ipsa. Quod voluptatem itaque voluptate inventore consequuntur cum quibusdam deleniti perspiciatis. Impedit et quidem perferendis. Aliquam ut sunt sint sapiente. Ex qui reiciendis ipsum aliquam veniam consequuntur. Commodi in voluptas eos qui.', 'Reiciendis aspernatur illo ut eum qui illo aliquam. Doloribus omnis illum laboriosam est aliquam. Sit dolores et. Est earum adipisci porro vel exercitationem quisquam aliquid. Aut commodi quo similique voluptatem id molestiae aliquid voluptatem.
 Ab explicabo quis et harum veniam. Impedit quas ratione provident optio saepe pariatur. Qui magnam natus blanditiis quae. Consequatur enim voluptatibus qui fugiat soluta maiores incidunt exercitationem.
 Porro qui id est. Magnam totam laudantium praesentium quia vitae est. Similique reiciendis saepe dolores eos distinctio adipisci.', 'http://placeimg.com/1020/800/people?41245', 'Belarus, Angola', '100', '1993', 'https://adorable-wildlife.biz', 'https://fine-chronometer.biz', TRUE);
INSERT INTO public.orgs 
            (id, author_id, name, created_at, updated_at, slug, description, long_description, main_image, geography, size, founded_at, link_processes, link_financials, is_test_data)
            VALUES
            ('25d03c00-0558-4b52-9d57-6fa85c09a942', '514ed7af-501a-45a3-ba97-829a3b03f123', 'Hoppe - Murazik', '2022-03-13T11:12:40.057Z', '2022-03-13T11:12:40.057Z', 'hoppe-murazik', 'Sequi consequatur accusantium. Quia quas iusto. Reiciendis quisquam quas dolor aut quis nihil vero et sapiente.', 'Porro aperiam voluptas. Deserunt ea consequatur dolores tenetur. Praesentium ipsum non quidem consequatur atque blanditiis omnis. Nobis eum et in accusamus ut perferendis. Ratione quo aut nemo. Fuga reiciendis quia et repudiandae et debitis modi et.
 Quos possimus hic enim excepturi omnis ducimus inventore voluptatum sit. Nulla corrupti odio tempora. Aut voluptatibus dignissimos nihil cumque libero est aspernatur. Iusto et qui minus dicta ut at occaecati inventore recusandae.
 Nihil dolores et. Fugiat id sunt unde inventore quia quisquam quaerat odio. Voluptatem laboriosam fugit laborum nisi.', 'http://placeimg.com/1020/800/people?53275', 'South Africa, Western Sahara', '98', '1993', 'https://rapid-safety.name', 'http://same-outlaw.net', TRUE);
INSERT INTO public.orgs 
            (id, author_id, name, created_at, updated_at, slug, description, long_description, main_image, geography, size, founded_at, link_processes, link_financials, is_test_data)
            VALUES
            ('a790466d-1e2e-46b5-bbe9-0f8b95e76e6b', '744b96c9-8d8b-45e7-8d44-55b551c976c2', 'Ritchie - Cole', '2022-03-13T11:12:40.057Z', '2022-03-13T11:12:40.057Z', 'ritchie-cole', 'Consequatur fuga rerum aut praesentium. Quam temporibus ullam. Nulla sint et facere voluptas et voluptas sint. Voluptates in eos cumque quidem fugiat consequatur repellendus corrupti. Provident harum quas suscipit perspiciatis earum voluptate dolor consequatur placeat.', 'Facere et dolores aperiam deserunt nesciunt et error. Optio repudiandae fuga culpa et quas dignissimos ipsum ad voluptatum. Qui aut voluptate.
 Voluptas aut ratione autem voluptatem sed libero sapiente doloremque rerum. Exercitationem maxime tempore sunt sunt enim. Alias omnis reprehenderit ad fugiat sed aspernatur. Suscipit vero nobis animi enim placeat quia modi praesentium.
 Aut est vitae voluptatem. Molestiae nostrum natus voluptas eum eum qui aspernatur quasi. Quod mollitia ipsa id. Sint assumenda quis dolor qui est ab libero quaerat. Natus error ut aperiam aut doloremque similique ducimus.', 'http://placeimg.com/1020/800/people?41911', 'Northern Mariana Islands, Sweden', '13', '1981', 'https://red-injustice.info', 'https://composed-allergist.name', TRUE);
INSERT INTO public.orgs 
            (id, author_id, name, created_at, updated_at, slug, description, long_description, main_image, geography, size, founded_at, link_processes, link_financials, is_test_data)
            VALUES
            ('34b4ca40-94bd-4846-b73f-a30fe1111b02', '514ed7af-501a-45a3-ba97-829a3b03f123', 'Schultz and Sons', '2022-03-13T11:12:40.057Z', '2022-03-13T11:12:40.057Z', 'schultz-and-sons', 'Excepturi doloribus dolores. Sit corrupti at consequatur suscipit et commodi dolor. Voluptatem error ipsum dignissimos eius delectus numquam quibusdam voluptatum. Voluptatum nihil distinctio culpa aspernatur.', 'Voluptatum provident est. Pariatur ex non. Asperiores excepturi in repudiandae et. Laboriosam unde quibusdam tempore reiciendis harum fuga blanditiis ipsam. Quis aut nam similique necessitatibus dicta omnis. Perferendis et a maiores illo dolor dolorem animi.
 Ducimus accusamus distinctio dicta est. Ea voluptatibus voluptate illum possimus. Quidem perspiciatis error accusantium consequuntur.
 Delectus iusto dolor nemo ipsum. Molestias nihil totam officia ratione aut doloribus unde. Consequuntur quia itaque officia provident perferendis voluptate dolorum hic quas. Architecto recusandae quam. Animi nostrum quia.', 'http://placeimg.com/1020/800/people?34591', 'United States Minor Outlying Islands, United States Minor Outlying Islands', '28', '2016', 'http://thankful-fencing.name', 'http://live-cruelty.name', TRUE);
INSERT INTO public.orgs 
            (id, author_id, name, created_at, updated_at, slug, description, long_description, main_image, geography, size, founded_at, link_processes, link_financials, is_test_data)
            VALUES
            ('838b19ee-6853-4503-ad8f-4c049af4cb7e', '0ee21405-4479-41dc-8a2d-bb55df4b0256', 'Waters Group', '2022-03-13T11:12:40.057Z', '2022-03-13T11:12:40.057Z', 'waters-group', 'Et perferendis vero eos odio. Animi nesciunt dolor voluptatem. Aliquid consequatur qui ea. Quidem debitis quis. Enim rerum occaecati consectetur. Eaque modi sed voluptates consequuntur dolorem id.', 'Iure magni quas consequuntur quia aspernatur. Voluptatem fuga dicta aspernatur ut atque ea. Labore perferendis corrupti assumenda sint voluptatem qui voluptatem tenetur. Architecto quibusdam atque illo.
 Natus cumque cumque explicabo quo officia expedita. A ut nemo rem culpa minus exercitationem. Accusantium vel dolore natus eveniet aliquam. Rem alias autem culpa inventore ab.
 Veniam explicabo labore voluptatem voluptates eum ipsa quasi aut ullam. Quasi consequuntur deleniti. Aut dolore iure. Dolorem voluptatem dolorum repellendus sed. Iusto officiis iste explicabo officiis. Aspernatur et modi beatae sit sint non odit perspiciatis.', 'http://placeimg.com/1020/800/people?40862', 'Virgin Islands, U.S., Kuwait', '71', '2006', 'http://glittering-comedy.info', 'http://virtuous-traveler.com', TRUE);
INSERT INTO public.orgs 
            (id, author_id, name, created_at, updated_at, slug, description, long_description, main_image, geography, size, founded_at, link_processes, link_financials, is_test_data)
            VALUES
            ('47ff1a86-a758-421a-90c0-f42159cc28d9', 'e24b77e7-97b7-4e72-b7b6-62c1ca2ef133', 'Emard Group', '2022-03-13T11:12:40.057Z', '2022-03-13T11:12:40.057Z', 'emard-group', 'Porro sint rerum explicabo architecto voluptas. Nisi quia eveniet repudiandae porro accusantium sit consequatur aliquid unde. Sunt dolor recusandae qui magni.', 'Labore eum soluta dolorem dolorem possimus est. Dolore minima recusandae esse fugiat dolores odio fuga omnis. Et illum eveniet.
 Vero in voluptas. Molestias molestiae eius est laborum. Expedita et inventore ullam harum quisquam recusandae quia. Provident qui et placeat tempore eveniet possimus non aut provident. Tempora dignissimos blanditiis quia libero aliquam dolorem voluptatem. Rerum quis ab earum ab perferendis sint dolorum.
 Sit nihil fugiat. Est voluptates repudiandae est quis amet aut facere aut. Est sint quidem voluptatem soluta rerum voluptatem est. Praesentium et quo repudiandae saepe dolores nihil cupiditate. Distinctio nihil reprehenderit est deserunt dolores.', 'http://placeimg.com/1020/800/people?41677', 'Trinidad and Tobago, Saudi Arabia', '17', '1988', 'https://belated-gun.com', 'https://sneaky-void.com', TRUE);
INSERT INTO public.orgs 
            (id, author_id, name, created_at, updated_at, slug, description, long_description, main_image, geography, size, founded_at, link_processes, link_financials, is_test_data)
            VALUES
            ('4a1ef274-6e19-44ca-8d50-6341fdc548a2', '4f887c23-2798-46d7-9638-9832e36f0056', 'Ledner Inc', '2022-03-13T11:12:40.057Z', '2022-03-13T11:12:40.057Z', 'ledner-inc', 'Rerum aspernatur est molestias eos rerum. Ullam laborum ratione illum assumenda nemo quo aut est. Nisi expedita necessitatibus mollitia.', 'Molestias repellat cupiditate. Et commodi est. Ea fuga nam inventore eaque ea vel nisi. Cumque dolorem aut aut aliquam quia culpa. Nulla magni commodi mollitia odio distinctio et eum est voluptatem. Ut porro qui debitis id aliquam.
 Architecto nemo quia. Blanditiis sit voluptatem molestiae incidunt eligendi veritatis perspiciatis. Voluptatem corrupti debitis. Ad ut aut.
 Quos culpa est quia vel ut ea incidunt earum qui. Quaerat fuga vel et itaque. Voluptatem quidem aut. Ut est dicta nam quia sed eos veritatis ex in. Et officiis ut. Sapiente sed reiciendis necessitatibus.', 'http://placeimg.com/1020/800/people?50061', 'United States Minor Outlying Islands, Russian Federation', '98', '2000', 'http://monumental-nose.biz', 'http://fancy-tram.info', TRUE);
INSERT INTO public.orgs 
            (id, author_id, name, created_at, updated_at, slug, description, long_description, main_image, geography, size, founded_at, link_processes, link_financials, is_test_data)
            VALUES
            ('abab7761-f02e-4bd4-b6f1-ac53f113a665', 'e24b77e7-97b7-4e72-b7b6-62c1ca2ef133', 'Mertz LLC', '2022-03-13T11:12:40.057Z', '2022-03-13T11:12:40.057Z', 'mertz-llc', 'Quaerat iusto sunt at quibusdam voluptas quidem qui sit sapiente. Alias sapiente nam quis illum in a cumque non. Nihil sapiente aperiam quis.', 'Aut consequuntur ullam voluptate quo aut. Id dignissimos quia. Vel beatae quae inventore quos qui.
 Quo iste cum culpa qui eos. Quis optio amet fuga blanditiis deleniti autem minus. Dolor incidunt vitae fugit necessitatibus enim tempora qui quod sed. Iusto minima et tempora sapiente inventore. Rerum ex quia mollitia consequuntur omnis ut non.
 Quod est quidem ea atque aut debitis. Harum sunt et aut molestiae perferendis. Quia reiciendis velit est iusto odit culpa itaque non.', 'http://placeimg.com/1020/800/people?34537', 'Italy, Guadeloupe', '27', '1991', 'http://heavy-sink.net', 'https://anchored-latex.net', TRUE);
INSERT INTO public.orgs 
            (id, author_id, name, created_at, updated_at, slug, description, long_description, main_image, geography, size, founded_at, link_processes, link_financials, is_test_data)
            VALUES
            ('d1e25b2f-23ff-4055-8291-4d810b28c582', '52f4d220-f3fb-42d7-a953-bcdaaa98c6ac', 'Dooley Group', '2022-03-13T11:12:40.057Z', '2022-03-13T11:12:40.057Z', 'dooley-group', 'Reiciendis itaque voluptatem voluptatum et mollitia. Quam nobis nulla. Expedita distinctio provident et omnis. Qui voluptas a aut. Id perferendis inventore sint ducimus fugiat explicabo atque. Earum sunt sit sint iusto qui repudiandae.', 'Est quis facere excepturi ullam ut. Dolor aut expedita repellendus expedita excepturi optio fuga at. Dolorem veniam nobis id labore laboriosam harum. Quo veniam ut optio velit est ab alias nihil dicta.
 Et tempore et animi. Omnis aut sunt ratione a voluptates consequatur. Soluta cupiditate labore omnis laboriosam blanditiis repellendus non iure. Quod omnis voluptatem unde aliquid. Magni necessitatibus veniam. Ratione consequuntur repudiandae molestiae similique rerum dolore minima et dolor.
 Laborum nisi ut quaerat neque et velit illo molestias odio. Aspernatur sit tempora voluptatem rerum dolores. Qui quia sed quae. Facilis modi ut quod fuga itaque velit laudantium aut. Dolores nisi asperiores accusamus dolorem optio ut saepe iure.', 'http://placeimg.com/1020/800/people?66337', 'Netherlands Antilles, Timor-Leste', '65', '1986', 'https://accomplished-cousin.org', 'http://unwitting-motorcar.org', TRUE);
INSERT INTO public.orgs 
            (id, author_id, name, created_at, updated_at, slug, description, long_description, main_image, geography, size, founded_at, link_processes, link_financials, is_test_data)
            VALUES
            ('e6d60b9d-2494-4852-8796-cdbf38e3f04e', '0ee21405-4479-41dc-8a2d-bb55df4b0256', 'Bechtelar and Sons', '2022-03-13T11:12:40.057Z', '2022-03-13T11:12:40.057Z', 'bechtelar-and-sons', 'Animi at voluptas nesciunt. Ut magni pariatur ducimus quidem libero repellendus. Atque perferendis quibusdam tenetur repudiandae est id quam illo. Reprehenderit cum culpa enim placeat excepturi ex cum. Ad eligendi ratione autem dolores non vel tenetur tempora.', 'Molestiae modi architecto tenetur facere aliquid totam sit. Dolorum quis aut modi ipsa blanditiis nemo aut earum pariatur. Debitis nemo in earum ab. Qui et aut. Vitae facilis veniam.
 Praesentium voluptas odio pariatur aperiam vitae quia. Numquam consequatur non placeat rerum et doloremque quos. Aut officia optio aut consequuntur. Sed culpa quisquam maxime placeat consectetur vero voluptas. Perspiciatis ad eum ducimus eum. Repellendus quam quam quas.
 Porro quae voluptatem qui et enim ipsa est commodi. Impedit sunt perferendis est debitis eum adipisci accusamus fugiat. Veritatis iusto harum ducimus est maiores impedit magni. Vel quia cum quas aliquam.', 'http://placeimg.com/1020/800/people?35294', 'Cameroon, China', '85', '2010', 'http://artistic-step-brother.net', 'http://narrow-embossing.org', TRUE);
INSERT INTO public.orgs 
            (id, author_id, name, created_at, updated_at, slug, description, long_description, main_image, geography, size, founded_at, link_processes, link_financials, is_test_data)
            VALUES
            ('6ec6162e-4b6d-4e9e-8501-d06d95848266', 'badeb83a-be46-4135-abf3-dd8859112e28', 'Rohan, Olson and Rogahn', '2022-03-13T11:12:40.057Z', '2022-03-13T11:12:40.057Z', 'rohan-olson-and-rogahn', 'Temporibus soluta autem voluptas. Sed qui ipsa saepe rerum praesentium et vitae. Et ipsum aut aut accusamus quo ut vel illo id.', 'Quo odio optio reiciendis quia omnis qui. Quibusdam impedit laborum maxime ducimus exercitationem accusantium labore ut rem. Ratione sed placeat voluptatem animi et perspiciatis culpa ut adipisci. Qui et voluptas qui quam blanditiis qui aspernatur. Nisi enim adipisci dignissimos aut officiis qui quia impedit quia. Blanditiis architecto exercitationem nesciunt qui asperiores quo praesentium sunt.
 Dolor occaecati sed molestiae aut distinctio commodi blanditiis cumque. Vero et qui unde quo veritatis atque dignissimos saepe. Culpa dignissimos minima voluptas.
 Qui nisi voluptatibus. Similique illum et. Fugiat voluptas rerum repudiandae. Non consectetur aut expedita harum.', 'http://placeimg.com/1020/800/people?73740', 'Republic of Korea, Serbia', '32', '2000', 'http://grouchy-auditorium.info', 'http://composed-corduroy.name', TRUE);
INSERT INTO public.orgs 
            (id, author_id, name, created_at, updated_at, slug, description, long_description, main_image, geography, size, founded_at, link_processes, link_financials, is_test_data)
            VALUES
            ('77d2fb3f-853a-40b4-a73e-e5e91d6e2d29', '0ee21405-4479-41dc-8a2d-bb55df4b0256', 'Roob Inc', '2022-03-13T11:12:40.057Z', '2022-03-13T11:12:40.057Z', 'roob-inc', 'Cumque occaecati natus et sit pariatur magni nulla saepe ullam. Perspiciatis eum provident perferendis magnam dolor sunt natus quo quia. Quia distinctio voluptates id nam rerum officia qui deleniti.', 'Pariatur quas iure qui tempore accusantium libero aut. Aut doloribus temporibus excepturi accusantium possimus. Pariatur dicta magnam recusandae. Est modi voluptatem animi sint. Sunt delectus voluptas nisi molestiae placeat deserunt qui dolorem. Facilis non facilis illum placeat non similique.
 Quia eos officiis libero tempore labore et hic. At sunt odio officia molestias porro aut exercitationem sint fuga. Laborum corporis aut aut perspiciatis eligendi alias a voluptatem id. Laudantium natus assumenda pariatur facere veritatis voluptatem voluptates. Autem autem eum placeat nemo.
 Et velit perspiciatis dolor dignissimos rem et sint distinctio. Tempore eos sit qui esse non voluptate. Quibusdam ut error qui.', 'http://placeimg.com/1020/800/people?29003', 'Bermuda, Saint Vincent and the Grenadines', '16', '1999', 'https://round-councilman.org', 'http://capital-eponym.info', TRUE);
INSERT INTO public.orgs 
            (id, author_id, name, created_at, updated_at, slug, description, long_description, main_image, geography, size, founded_at, link_processes, link_financials, is_test_data)
            VALUES
            ('acc4dc85-0708-4811-a90d-03c793cbd41b', '52f4d220-f3fb-42d7-a953-bcdaaa98c6ac', 'Kuhlman - Nicolas', '2022-03-13T11:12:40.057Z', '2022-03-13T11:12:40.057Z', 'kuhlman-nicolas', 'Nihil id doloremque qui voluptatem numquam non. Explicabo saepe alias ut ullam dolores quasi. Eum fugit saepe quae et. Sit est est est totam.', 'Quo sit cum voluptatibus. Doloremque quia aliquid. Nobis et cum perspiciatis rerum quae error. Voluptatem recusandae quae. Voluptatum culpa velit.
 Commodi id ab odio veritatis. Illum ut modi. Rerum voluptates facilis possimus ut est et aliquam architecto ad.
 Atque iusto eum repellat dolores aut voluptatum qui ducimus officia. Ut alias quis incidunt ea qui delectus voluptas vero quas. Ea ut ratione officiis suscipit inventore. Voluptatum omnis ratione ea non delectus officia suscipit illo. Iste facere mollitia. Sed impedit neque quo labore dolorem.', 'http://placeimg.com/1020/800/people?38968', 'Peru, Saint Lucia', '71', '2019', 'http://oblong-radish.info', 'http://weepy-word.info', TRUE);
INSERT INTO public.orgs 
            (id, author_id, name, created_at, updated_at, slug, description, long_description, main_image, geography, size, founded_at, link_processes, link_financials, is_test_data)
            VALUES
            ('9afc3ffa-2287-4a10-b633-40b44c314a85', '4f887c23-2798-46d7-9638-9832e36f0056', 'Schaefer - Schaefer', '2022-03-13T11:12:40.057Z', '2022-03-13T11:12:40.057Z', 'schaefer-schaefer', 'Temporibus cumque saepe optio minima est necessitatibus voluptatem distinctio. Doloremque harum ab ab aliquam doloremque autem eos nihil at. Nostrum veritatis quidem expedita nam. In excepturi ipsam beatae est sed eius nemo et. Facere quis omnis dolores aliquam ut ipsa ipsam in excepturi.', 'Exercitationem ut qui et earum. Accusantium magni et delectus dolore. Et hic architecto quae tempora delectus adipisci non cupiditate necessitatibus. Non tenetur reprehenderit eum.
 Ipsum omnis voluptatem sed sapiente numquam eius quo eos. Rerum blanditiis dolores repudiandae nobis laboriosam beatae ea deserunt. Sit voluptatum vitae rerum expedita nesciunt ea adipisci. Aut aliquid commodi sapiente. Porro dolorem recusandae et omnis dolores aut et unde.
 Temporibus omnis officia qui. Aut doloremque quos fuga facilis aperiam consequatur. Reprehenderit error facilis voluptas nemo qui. Neque repellat eos qui sed nihil. Aliquid quia molestiae et fugiat sit incidunt laborum aspernatur. Voluptatum aut dolorem optio placeat omnis et esse nemo.', 'http://placeimg.com/1020/800/people?37478', 'Zimbabwe, Cote dIvoire', '46', '1980', 'http://brave-landmine.biz', 'http://dutiful-sweater.biz', TRUE);
INSERT INTO public.orgs 
            (id, author_id, name, created_at, updated_at, slug, description, long_description, main_image, geography, size, founded_at, link_processes, link_financials, is_test_data)
            VALUES
            ('9d56a0a5-730a-4ce7-8f40-def99c0b5a93', '514ed7af-501a-45a3-ba97-829a3b03f123', 'Kozey - Connelly', '2022-03-13T11:12:40.057Z', '2022-03-13T11:12:40.057Z', 'kozey-connelly', 'Ut qui voluptas rerum qui qui temporibus nulla. Eius quae nobis necessitatibus consequuntur placeat quas animi. Aut odio nostrum consequatur rem autem sapiente quia non. Voluptates voluptas iure totam atque. Est natus et.', 'Aut dolores quis id distinctio in ad et iste. Enim ex consequatur aut quae. Enim quod rerum id nemo omnis sequi placeat eum.
 Veniam voluptas non laboriosam ex. Voluptatem necessitatibus sit vel iure. Non veniam ea maxime. Qui cumque vel est.
 Reprehenderit hic vero a impedit ut similique ut repellat. Deserunt quis asperiores officiis totam. Cupiditate corrupti nihil iste. Quis quo assumenda molestiae. Enim dolore temporibus mollitia asperiores hic sit reiciendis dicta.', 'http://placeimg.com/1020/800/people?39266', 'Macedonia, Croatia', '78', '2021', 'http://punctual-joey.org', 'https://untried-flat.biz', TRUE);
INSERT INTO public.orgs 
            (id, author_id, name, created_at, updated_at, slug, description, long_description, main_image, geography, size, founded_at, link_processes, link_financials, is_test_data)
            VALUES
            ('a72354b7-621f-467d-bfc7-1bd6bf6056ff', 'badeb83a-be46-4135-abf3-dd8859112e28', 'Swift - Lesch', '2022-03-13T11:12:40.057Z', '2022-03-13T11:12:40.057Z', 'swift-lesch', 'Omnis magni sit animi similique debitis placeat. Non autem aspernatur at nostrum. Sit aut dolores. Fuga aspernatur velit sit excepturi dolores.', 'Enim doloribus fuga ea ipsum eius alias. Et voluptatem aliquam rerum ex consequuntur minima quia. Exercitationem reprehenderit ut dolores.
 Placeat et eos natus voluptatibus ex aliquam impedit accusantium temporibus. Alias et tenetur minus ratione iste qui hic sunt. Sit vel qui adipisci laudantium unde. Dolor animi perspiciatis. Explicabo quia ea autem laudantium quia tempora ipsam.
 Velit qui rerum deleniti eum ex natus corrupti. Et aut omnis laboriosam consequatur et tempora vero. Laboriosam non exercitationem rerum eos est voluptatem temporibus. Qui quia et aperiam. Illo dolores itaque et maxime. Expedita rerum earum et cumque.', 'http://placeimg.com/1020/800/people?61587', 'Bolivia, Guinea', '92', '2020', 'http://conventional-incident.info', 'https://sure-footed-rationale.org', TRUE);
INSERT INTO public.orgs 
            (id, author_id, name, created_at, updated_at, slug, description, long_description, main_image, geography, size, founded_at, link_processes, link_financials, is_test_data)
            VALUES
            ('62578a2b-a766-4b9d-b23d-283f6aa27ab5', 'c8b15c2c-0706-4ae5-b8ca-0b36200e76ef', 'Abshire - Schmitt', '2022-03-13T11:12:40.057Z', '2022-03-13T11:12:40.057Z', 'abshire-schmitt', 'Deserunt similique iste quae animi pariatur tenetur porro officia. Rem ipsa perferendis. Porro et exercitationem illo tempore. Suscipit at officiis enim non quidem. Quasi voluptatem autem odit. Aperiam eum velit debitis dolorem voluptatem.', 'Est omnis voluptatem quas quia assumenda hic. Vitae atque placeat in placeat dolor fuga. Esse omnis architecto nesciunt voluptas quia.
 Eos voluptatem aperiam ut adipisci quia quia dicta reprehenderit consequatur. Sed id repellat qui. Suscipit deleniti ipsam ut repellendus saepe et. Tempora non pariatur aperiam cum rerum ex. Ab voluptate laudantium nihil ut rerum. Qui ut expedita quis fugit id voluptatem quo ipsam.
 Quia facilis ut saepe ipsum a. Eos dolorem id quia voluptatibus reiciendis qui nulla minima quisquam. Explicabo facere error voluptas voluptas velit. Minima quod deserunt et omnis doloremque. Molestiae velit perferendis sunt consectetur laudantium aut. Placeat nisi excepturi.', 'http://placeimg.com/1020/800/people?14393', 'Tanzania, Andorra', '76', '1984', 'http://limited-tilt.name', 'http://webbed-media.info', TRUE);
INSERT INTO public.orgs 
            (id, author_id, name, created_at, updated_at, slug, description, long_description, main_image, geography, size, founded_at, link_processes, link_financials, is_test_data)
            VALUES
            ('aaa8780e-e626-4d65-bd47-89ec7189a424', '744b96c9-8d8b-45e7-8d44-55b551c976c2', 'Leuschke - Maggio', '2022-03-13T11:12:40.057Z', '2022-03-13T11:12:40.057Z', 'leuschke-maggio', 'Vitae est repellendus beatae. Et ex quia autem. Amet dolorem voluptatem maiores animi deleniti earum.', 'Saepe qui et ea sequi harum est. Quia aut iure ut. Dolores voluptas et est voluptas. Ut deleniti eaque.
 Velit dolore et iste et consequatur aliquam minima est nihil. Deleniti id sed est. Aut iusto nobis et quaerat. Quibusdam modi saepe. Eum facilis doloremque culpa nisi ut temporibus.
 Est porro placeat nostrum illum dolorum. Ea non dolore fugiat cumque est sint. Esse aliquid repudiandae. Amet et occaecati eius voluptatem optio. Dolore voluptatem cupiditate sit exercitationem dolorem.', 'http://placeimg.com/1020/800/people?8787', 'Bouvet Island (Bouvetoya), Puerto Rico', '70', '1981', 'http://nippy-dash.info', 'https://unwitting-dreamer.org', TRUE);
INSERT INTO public.orgs 
            (id, author_id, name, created_at, updated_at, slug, description, long_description, main_image, geography, size, founded_at, link_processes, link_financials, is_test_data)
            VALUES
            ('cf7a291e-1335-45f6-b2ee-be1506e746b3', '4f887c23-2798-46d7-9638-9832e36f0056', 'Brakus, Kirlin and Cummerata', '2022-03-13T11:12:40.057Z', '2022-03-13T11:12:40.057Z', 'brakus-kirlin-and-cummerata', 'Illo nihil eaque ad deleniti. Ea velit quisquam magnam blanditiis fugit qui. Culpa illum dicta est voluptatem sed. Ullam deleniti voluptas molestiae. Laudantium sunt quod nostrum itaque est doloremque ea exercitationem.', 'Explicabo reprehenderit architecto vel inventore totam omnis. Nisi omnis accusantium. Voluptate velit nostrum repudiandae quia recusandae occaecati. Quia ut placeat laborum aut facilis perferendis rerum. Temporibus consequatur fugit. Voluptas ducimus a esse libero aliquid repellat maiores consequatur.
 Enim maxime quia cumque deleniti qui cumque iste possimus voluptatem. Eaque reprehenderit quo soluta. Rerum dolores temporibus itaque non aut tenetur ut in aut.
 Possimus qui esse ratione tenetur amet omnis architecto. Quia quisquam nesciunt minima molestiae qui. Dicta aliquam animi qui pariatur voluptatum sunt.', 'http://placeimg.com/1020/800/people?99823', 'Mozambique, Heard Island and McDonald Islands', '94', '2016', 'http://tender-sycamore.name', 'https://selfish-cactus.info', TRUE);
INSERT INTO public.orgs 
            (id, author_id, name, created_at, updated_at, slug, description, long_description, main_image, geography, size, founded_at, link_processes, link_financials, is_test_data)
            VALUES
            ('cc44efc4-500e-456b-bef3-82b61d160b3e', '744b96c9-8d8b-45e7-8d44-55b551c976c2', 'Morissette, Will and Hane', '2022-03-13T11:12:40.057Z', '2022-03-13T11:12:40.057Z', 'morissette-will-and-hane', 'Eaque quo rerum quo eligendi inventore. Ut autem dolore facere. Atque quaerat a voluptatem qui.', 'Omnis voluptatem ipsa commodi commodi aliquam et qui tempore aut. Ducimus molestiae eos et dolores maxime voluptatem et. Recusandae fugiat quia earum veritatis. Excepturi inventore repellat. Animi cupiditate eos. Ducimus eum voluptatem rerum.
 Maiores officiis vel. Iusto laborum necessitatibus. Dolor aspernatur ratione enim tempore doloribus. Animi consequatur nesciunt ut mollitia autem voluptatem consequatur. Voluptatem sed voluptatem sed dignissimos.
 Qui nobis nihil nesciunt consequatur dolorem. Eligendi est qui et ab rerum. Velit facilis ut omnis repudiandae. Qui nobis incidunt eum dolore perferendis perspiciatis odit ut. Quam exercitationem consequatur.', 'http://placeimg.com/1020/800/people?88456', 'Niue, Lao Peoples Democratic Republic', '19', '1991', 'https://upright-glue.com', 'http://alienated-jam.com', TRUE);
INSERT INTO public.orgs 
            (id, author_id, name, created_at, updated_at, slug, description, long_description, main_image, geography, size, founded_at, link_processes, link_financials, is_test_data)
            VALUES
            ('24f3602c-71a8-4d66-8dca-a55920a0df93', '4f887c23-2798-46d7-9638-9832e36f0056', 'Ebert - Klocko', '2022-03-13T11:12:40.057Z', '2022-03-13T11:12:40.057Z', 'ebert-klocko', 'Asperiores distinctio optio numquam. Mollitia qui optio libero. Sint nulla quia excepturi reprehenderit minima quisquam hic omnis. Ea assumenda praesentium ipsam iste velit corrupti consectetur. Distinctio hic sunt voluptatem quam culpa est. Quaerat occaecati ducimus dicta provident.', 'Dolor et cum nemo quae molestiae voluptas et omnis. Voluptas quis est veniam delectus molestias repellat quaerat quia. Corporis sit unde ea id. Culpa voluptatem quae laboriosam distinctio.
 Aperiam ex repudiandae a eum optio quo sunt illo velit. Esse est dolorem saepe qui natus aperiam delectus. Autem repudiandae assumenda aliquid optio.
 Quos nisi ex aut quia illum. Dolores suscipit nemo pariatur sapiente dicta ea. Nesciunt est debitis omnis suscipit est qui. Quibusdam nemo architecto pariatur cum molestiae ea sapiente praesentium.', 'http://placeimg.com/1020/800/people?9570', 'Guadeloupe, Sao Tome and Principe', '35', '1997', 'https://nervous-supplier.com', 'http://well-worn-suck.net', TRUE);
INSERT INTO public.orgs 
            (id, author_id, name, created_at, updated_at, slug, description, long_description, main_image, geography, size, founded_at, link_processes, link_financials, is_test_data)
            VALUES
            ('6ff4c36e-3bd0-4179-9972-16534d17db24', 'e24b77e7-97b7-4e72-b7b6-62c1ca2ef133', 'Ortiz - Morissette', '2022-03-13T11:12:40.057Z', '2022-03-13T11:12:40.057Z', 'ortiz-morissette', 'Accusantium ut quae quos expedita vitae laboriosam. Consequatur occaecati velit incidunt voluptates ipsam aspernatur. Atque molestias vitae eius quas nobis sit. Id consequatur dolorem eligendi cupiditate voluptas consequatur sit.', 'Excepturi rem sit voluptas quo rerum. Perferendis dolores molestias voluptatem. Aliquam a error enim occaecati quo omnis minus delectus. Dolores eveniet quaerat velit veritatis magnam. Praesentium sapiente officia quo voluptatem. Et minus maiores voluptatem corrupti incidunt fugit esse officia vel.
 Sint eos aut enim et ut porro quisquam dignissimos est. Officia occaecati consequuntur magnam aut quis. Ullam repellat deleniti sunt dolorem voluptatibus eveniet.
 Quia libero temporibus. Autem necessitatibus nemo sit pariatur tempora saepe rerum et. Aspernatur ea tenetur ut reprehenderit dolor et suscipit exercitationem.', 'http://placeimg.com/1020/800/people?46508', 'Lebanon, Iceland', '85', '1995', 'http://crafty-incarnation.org', 'https://merry-dictionary.name', TRUE);
INSERT INTO public.orgs 
            (id, author_id, name, created_at, updated_at, slug, description, long_description, main_image, geography, size, founded_at, link_processes, link_financials, is_test_data)
            VALUES
            ('eb49aff5-1a50-498e-b14a-19bab3f8189c', '744b96c9-8d8b-45e7-8d44-55b551c976c2', 'Anderson, Wilkinson and Williamson', '2022-03-13T11:12:40.057Z', '2022-03-13T11:12:40.057Z', 'anderson-wilkinson-and-williamson', 'Laborum itaque eos vero et qui accusamus occaecati quo et. Ab vel dolorum suscipit aut qui. Ad et qui. Placeat molestiae eveniet exercitationem fuga est tenetur repellendus. Repellat iusto eos.', 'Expedita eveniet animi culpa libero veritatis laudantium. Fuga qui aliquid repellendus praesentium explicabo qui saepe. Quidem neque ullam perspiciatis quasi qui ab sed beatae. Aspernatur quaerat esse ut harum est tempora aut. Debitis voluptas suscipit sed vel nihil porro nesciunt error voluptatum.
 Quo sed iusto nostrum vero. Est provident dolor illum nostrum et et et aut. Et amet sit eligendi sint ut excepturi consequatur. Harum aut sequi quasi odit labore eos assumenda labore.
 Doloremque qui ipsum quia beatae. Impedit aut impedit minus dolore error est quas perspiciatis doloribus. Sed tenetur est in. Explicabo id ea est corrupti rerum.', 'http://placeimg.com/1020/800/people?85828', 'Philippines, Portugal', '86', '2019', 'http://elegant-father-in-law.biz', 'https://humiliating-corruption.info', TRUE);
INSERT INTO public.orgs 
            (id, author_id, name, created_at, updated_at, slug, description, long_description, main_image, geography, size, founded_at, link_processes, link_financials, is_test_data)
            VALUES
            ('ab384bca-3a99-4cca-94d1-9f076a3bd55e', '52f4d220-f3fb-42d7-a953-bcdaaa98c6ac', 'Trantow - Nitzsche', '2022-03-13T11:12:40.057Z', '2022-03-13T11:12:40.057Z', 'trantow-nitzsche', 'Soluta debitis atque in repellat alias. Ratione quaerat magni quae. Reprehenderit quas soluta qui amet eveniet enim cum maxime omnis. Pariatur eos rerum porro vitae quasi. Sed doloremque beatae beatae odit non quis rerum temporibus eum.', 'Nam rerum porro consequatur labore deserunt eius dolore neque quod. Deserunt incidunt qui mollitia non tenetur. Eos eius aut voluptates animi sapiente rerum facilis quibusdam.
 Alias et recusandae sunt quae. Quia et aut. Ut hic quia sequi dolore necessitatibus sequi non assumenda non.
 Ut id quo nostrum amet voluptatem et quia quas nostrum. Saepe quia ullam labore aut. Architecto pariatur consequatur ut dignissimos rerum totam vel tenetur et. Eum omnis esse voluptas et ipsum consequatur.', 'http://placeimg.com/1020/800/people?61953', 'New Zealand, Equatorial Guinea', '42', '2018', 'http://striking-main.name', 'https://heavy-admission.com', TRUE);
INSERT INTO public.orgs 
            (id, author_id, name, created_at, updated_at, slug, description, long_description, main_image, geography, size, founded_at, link_processes, link_financials, is_test_data)
            VALUES
            ('31505e7c-716a-4bd6-a44c-9d251adc7dc4', 'e24b77e7-97b7-4e72-b7b6-62c1ca2ef133', 'Senger, Koepp and Gulgowski', '2022-03-13T11:12:40.057Z', '2022-03-13T11:12:40.057Z', 'senger-koepp-and-gulgowski', 'Sunt sint porro optio delectus debitis inventore et rerum. Sunt voluptas eligendi doloribus neque nihil fugit. Perferendis doloremque quia. Beatae autem ut itaque quas. Distinctio corporis temporibus iste rerum unde corporis. Perspiciatis dignissimos fugit consequatur facilis.', 'Qui at velit commodi reiciendis magni possimus. Eius blanditiis doloribus. Eaque eum ut ex voluptate quia nostrum nobis magnam fuga.
 Distinctio veritatis fugit delectus nemo deserunt beatae. Omnis modi suscipit ipsam. Nisi vitae ipsa laboriosam aperiam enim optio sunt occaecati. Vitae fugit sit qui officia fuga blanditiis quidem nemo eveniet. Magni corrupti et rem.
 Est fuga consequuntur doloribus. Nobis laboriosam maxime. Earum iste ex qui mollitia molestias sequi quisquam est. Enim quia ipsa ut.', 'http://placeimg.com/1020/800/people?44061', 'Ghana, Hong Kong', '76', '2010', 'https://illustrious-collaboration.com', 'http://probable-bull.biz', TRUE);
INSERT INTO public.orgs 
            (id, author_id, name, created_at, updated_at, slug, description, long_description, main_image, geography, size, founded_at, link_processes, link_financials, is_test_data)
            VALUES
            ('9bef0387-131e-4988-9202-2d5ebf85fbb8', 'f079abf7-bb15-4eb2-9914-78f311f849e4', 'Parisian - Osinski', '2022-03-13T11:12:40.057Z', '2022-03-13T11:12:40.057Z', 'parisian-osinski', 'Fugiat eveniet sed quod neque nisi et. Cum illum similique et molestiae. Libero voluptas aut sed sed et dolorem recusandae illum quia. Soluta aut et in adipisci veritatis debitis beatae ad iure.', 'Dolores ut quae iusto. Suscipit at repellat ut qui hic. Incidunt iste dolorem nihil voluptas qui occaecati aut est nobis.
 Ipsa ducimus praesentium qui. Velit accusantium voluptatem ut facilis dolores. Consectetur impedit sapiente.
 Necessitatibus qui expedita libero. Delectus laudantium voluptas animi. Eos dolor saepe quasi ullam. Repellendus quia quidem neque libero aut sed dolorem iste quo.', 'http://placeimg.com/1020/800/people?36611', 'Barbados, Micronesia', '90', '2001', 'http://frugal-incandescence.net', 'http://fitting-skeleton.net', TRUE);
INSERT INTO public.orgs 
            (id, author_id, name, created_at, updated_at, slug, description, long_description, main_image, geography, size, founded_at, link_processes, link_financials, is_test_data)
            VALUES
            ('3c454d26-e580-4371-a257-e923d473728f', '0b11eba4-6a23-4b04-ba9a-38ebf8e2a692', 'OKon - Robel', '2022-03-13T11:12:40.057Z', '2022-03-13T11:12:40.057Z', 'okon-robel', 'Cumque nobis rerum earum. Molestiae autem facere omnis. Repellendus et voluptatem itaque recusandae cumque qui temporibus vero deserunt. Omnis autem vel eos qui laborum deserunt.', 'Et non qui eius. Minima temporibus amet id consequatur ratione. Fugiat consequatur et vel fugit earum. Quis dignissimos esse voluptas sit totam. Temporibus nostrum praesentium accusantium enim et voluptas distinctio.
 Dolorem ut aut. Quos ipsam similique. Minus et optio incidunt unde hic ea magni. Eum quaerat pariatur nisi exercitationem dolorem quia cum atque nemo. Libero dolorum expedita corporis. Ab accusantium aspernatur architecto provident non voluptatum et.
 Occaecati ea incidunt libero eveniet ipsam eum nemo. Et quia id minima. Omnis doloribus ut enim doloribus reiciendis voluptate. Aliquid rem consequatur in voluptatibus ut temporibus eos eius voluptatibus. Corporis consequatur voluptas aliquam molestias nostrum impedit ipsum vero.', 'http://placeimg.com/1020/800/people?43995', 'Tokelau, United Kingdom', '31', '2015', 'https://woeful-frog.net', 'https://miserly-qualification.org', TRUE);
    INSERT INTO public.impact 
            (id, org, indicator, value, sdg, image)
            VALUES
            ('ff9c979a-7c29-43c2-a7cd-6567602ce2ba', '66a9fc3b-ea2d-41be-8964-55a8515613bd', 'magnam tempora deleniti iure earum', '28', '04', 'http://placeimg.com/1020/800/people?43954');
INSERT INTO public.impact 
            (id, org, indicator, value, sdg, image)
            VALUES
            ('1c0e8f4e-0008-4dcc-b093-32e3e5a3cf30', '98c8f25f-85d8-4681-a344-613383d33bbe', 'ea magni esse explicabo eius', '86', '02', 'http://placeimg.com/1020/800/people?43954');
INSERT INTO public.impact 
            (id, org, indicator, value, sdg, image)
            VALUES
            ('f76fad4b-ea8c-4cd4-b16f-c5db48a9f2ec', 'e90a1492-090c-4ba8-ae9b-5c4b15c3eef1', 'eos assumenda sunt aspernatur laborum', '17', '06', 'http://placeimg.com/1020/800/people?43954');
INSERT INTO public.impact 
            (id, org, indicator, value, sdg, image)
            VALUES
            ('a2fadc3d-6ebc-4834-aa32-345931deaa9e', '2e05a6e1-1664-47d1-a4a9-abdb4cdba945', 'voluptas architecto in ad occaecati', '100', '02', 'http://placeimg.com/1020/800/people?43954');
INSERT INTO public.impact 
            (id, org, indicator, value, sdg, image)
            VALUES
            ('677a8188-e61f-4a6f-90bb-4c764f411ce1', '3736838a-0e8a-49f6-a830-ad6fe9f432e0', 'et culpa voluptas laboriosam suscipit', '72', '04', 'http://placeimg.com/1020/800/people?43954');
INSERT INTO public.impact 
            (id, org, indicator, value, sdg, image)
            VALUES
            ('0f82c224-25cc-4bb8-985b-4465d8a8adee', '4a1ef274-6e19-44ca-8d50-6341fdc548a2', 'doloremque ut quae aut fugiat', '96', '06', 'http://placeimg.com/1020/800/people?43954');
INSERT INTO public.impact 
            (id, org, indicator, value, sdg, image)
            VALUES
            ('7c275cca-0c7d-468d-8f06-50830e461659', '66a9fc3b-ea2d-41be-8964-55a8515613bd', 'ipsa pariatur id tempore molestiae', '58', '01', 'http://placeimg.com/1020/800/people?43954');
INSERT INTO public.impact 
            (id, org, indicator, value, sdg, image)
            VALUES
            ('2c23f35c-857e-49d7-8ec1-6336c39a47ee', '3736838a-0e8a-49f6-a830-ad6fe9f432e0', 'soluta velit animi ut labore', '39', '05', 'http://placeimg.com/1020/800/people?43954');
INSERT INTO public.impact 
            (id, org, indicator, value, sdg, image)
            VALUES
            ('916998ae-abc3-44c9-b18c-eaafbf2dec37', '62460082-47ed-4c0b-9d39-7e04fb8bcd6b', 'eveniet modi repellendus ut et', '60', '04', 'http://placeimg.com/1020/800/people?43954');
INSERT INTO public.impact 
            (id, org, indicator, value, sdg, image)
            VALUES
            ('920e1152-0bab-49d6-b47d-59ef67914b7c', 'ed49e89f-0958-4734-909a-0f8a075e2a6f', 'ut illum ut adipisci delectus', '18', '02', 'http://placeimg.com/1020/800/people?43954');
INSERT INTO public.impact 
            (id, org, indicator, value, sdg, image)
            VALUES
            ('d989dbd5-26c4-4764-9800-23bcd1df0a55', 'cc44efc4-500e-456b-bef3-82b61d160b3e', 'nulla a autem odio vel', '68', '03', 'http://placeimg.com/1020/800/people?43954');
INSERT INTO public.impact 
            (id, org, indicator, value, sdg, image)
            VALUES
            ('16b2a70e-7ca9-4df7-b405-90279ed15828', '071381ec-0fb7-44a8-808f-ab729efd83db', 'voluptatem voluptas ratione consequatur error', '50', '03', 'http://placeimg.com/1020/800/people?43954');
INSERT INTO public.impact 
            (id, org, indicator, value, sdg, image)
            VALUES
            ('fbb2686a-95d0-400a-bea1-f276b3c9107f', 'ab384bca-3a99-4cca-94d1-9f076a3bd55e', 'consectetur rerum totam non ab', '81', '04', 'http://placeimg.com/1020/800/people?43954');
INSERT INTO public.impact 
            (id, org, indicator, value, sdg, image)
            VALUES
            ('18194915-181e-4d1b-bfef-3a0a616db3a9', 'b721ae8a-0404-42b3-a771-3c1ee76726b7', 'illo sed aut optio ut', '78', '03', 'http://placeimg.com/1020/800/people?43954');
INSERT INTO public.impact 
            (id, org, indicator, value, sdg, image)
            VALUES
            ('35bc4af0-6e55-4148-8a4c-6af550e409a5', 'b721ae8a-0404-42b3-a771-3c1ee76726b7', 'iste dolor rerum consequatur esse', '39', '01', 'http://placeimg.com/1020/800/people?43954');
INSERT INTO public.impact 
            (id, org, indicator, value, sdg, image)
            VALUES
            ('bdc32901-af62-44e1-a093-8850fbaf4901', 'b2a4d53d-3609-46fa-b8cf-638a9c0bf2ff', 'facere quis voluptatem at omnis', '45', '04', 'http://placeimg.com/1020/800/people?43954');
INSERT INTO public.impact 
            (id, org, indicator, value, sdg, image)
            VALUES
            ('0eb4dc0b-ef1e-4e18-9d3b-9578cffdedae', '9d56a0a5-730a-4ce7-8f40-def99c0b5a93', 'omnis dolores et distinctio sed', '47', '06', 'http://placeimg.com/1020/800/people?43954');
INSERT INTO public.impact 
            (id, org, indicator, value, sdg, image)
            VALUES
            ('9443c3fc-4717-4017-9323-da3b2e4329c2', '66a9fc3b-ea2d-41be-8964-55a8515613bd', 'ex omnis ducimus vero inventore', '78', '01', 'http://placeimg.com/1020/800/people?43954');
INSERT INTO public.impact 
            (id, org, indicator, value, sdg, image)
            VALUES
            ('001265ea-514c-4bc6-84d7-e81934b24f83', '87c37b49-90d7-4be3-ab65-2a1766e04b65', 'pariatur sit recusandae temporibus accusantium', '69', '04', 'http://placeimg.com/1020/800/people?43954');
INSERT INTO public.impact 
            (id, org, indicator, value, sdg, image)
            VALUES
            ('b057734d-f0f2-4bdb-9900-1d8290253b47', '838b19ee-6853-4503-ad8f-4c049af4cb7e', 'qui tempore et ipsum et', '96', '06', 'http://placeimg.com/1020/800/people?43954');
INSERT INTO public.impact 
            (id, org, indicator, value, sdg, image)
            VALUES
            ('200867cb-2f6e-44c8-b281-f4cbf85a9977', 'eb49aff5-1a50-498e-b14a-19bab3f8189c', 'cupiditate nihil omnis consequatur aut', '94', '03', 'http://placeimg.com/1020/800/people?43954');
INSERT INTO public.impact 
            (id, org, indicator, value, sdg, image)
            VALUES
            ('4624a4e3-4e04-4810-9ec8-216e69da7cd0', '6d16c86d-ae0a-4b8f-b6da-573e44624021', 'veniam quos possimus aperiam sequi', '66', '01', 'http://placeimg.com/1020/800/people?43954');
INSERT INTO public.impact 
            (id, org, indicator, value, sdg, image)
            VALUES
            ('2e114bdd-b7ae-4aed-b28a-edf335a6ee07', '045f164c-2c2f-4e9e-85d1-58303aa778a3', 'qui animi est autem molestiae', '83', '02', 'http://placeimg.com/1020/800/people?43954');
INSERT INTO public.impact 
            (id, org, indicator, value, sdg, image)
            VALUES
            ('22ac3663-aff3-4e7e-bfb5-4ca36fc68287', '55307bb1-3719-45df-b2e9-c17438f0615d', 'soluta at dolor minima magnam', '94', '06', 'http://placeimg.com/1020/800/people?43954');
INSERT INTO public.impact 
            (id, org, indicator, value, sdg, image)
            VALUES
            ('36293a8b-12c2-4303-904d-12e695a3ea50', 'a72354b7-621f-467d-bfc7-1bd6bf6056ff', 'sed quae autem repellendus commodi', '95', '04', 'http://placeimg.com/1020/800/people?43954');
INSERT INTO public.impact 
            (id, org, indicator, value, sdg, image)
            VALUES
            ('f7ea7851-cd8d-476e-a391-adc1aaa13ae7', 'cf7a291e-1335-45f6-b2ee-be1506e746b3', 'corporis suscipit quod quam ut', '37', '05', 'http://placeimg.com/1020/800/people?43954');
INSERT INTO public.impact 
            (id, org, indicator, value, sdg, image)
            VALUES
            ('ab43f0c7-20d8-4e32-bab2-7f7cb44aca0e', '98c8f25f-85d8-4681-a344-613383d33bbe', 'dolor minus tempora ullam quo', '37', '04', 'http://placeimg.com/1020/800/people?43954');
INSERT INTO public.impact 
            (id, org, indicator, value, sdg, image)
            VALUES
            ('86016f5e-0e25-4128-9c76-e791c8df83fd', 'e90a1492-090c-4ba8-ae9b-5c4b15c3eef1', 'explicabo hic dolores quia tempore', '81', '01', 'http://placeimg.com/1020/800/people?43954');
INSERT INTO public.impact 
            (id, org, indicator, value, sdg, image)
            VALUES
            ('097147df-7e25-421f-9655-c6812220239b', 'ca9a4dd4-2e0a-4383-8d88-9305629fa52b', 'fugit rerum et distinctio itaque', '51', '02', 'http://placeimg.com/1020/800/people?43954');
INSERT INTO public.impact 
            (id, org, indicator, value, sdg, image)
            VALUES
            ('3aad849a-2943-4518-b64f-0c248a951d06', '9d56a0a5-730a-4ce7-8f40-def99c0b5a93', 'cupiditate vel ut laudantium consequuntur', '56', '05', 'http://placeimg.com/1020/800/people?43954');
INSERT INTO public.impact 
            (id, org, indicator, value, sdg, image)
            VALUES
            ('384a6653-34a3-4dca-97e5-b37f24fe97a1', 'ccd4a892-97db-420e-bf58-3eb6a634834a', 'quaerat modi repellat atque dolores', '31', '03', 'http://placeimg.com/1020/800/people?43954');
INSERT INTO public.impact 
            (id, org, indicator, value, sdg, image)
            VALUES
            ('a4f70f0c-81be-481d-9e30-817e74300693', '95eeae40-0ca8-44eb-a01e-462b0280df8e', 'incidunt voluptatum omnis suscipit incidunt', '64', '06', 'http://placeimg.com/1020/800/people?43954');
INSERT INTO public.impact 
            (id, org, indicator, value, sdg, image)
            VALUES
            ('9bd1ceb4-3fe3-4a35-bb96-000b1e08fd14', '4e7dd02b-1490-4352-9df3-e2bd5e883851', 'reprehenderit dignissimos rem doloribus magni', '73', '04', 'http://placeimg.com/1020/800/people?43954');
INSERT INTO public.impact 
            (id, org, indicator, value, sdg, image)
            VALUES
            ('8490b148-2aea-48db-adc1-f133b0e284ef', '059114ae-fdb5-4984-a067-e37a4c7eeb13', 'velit sit voluptatem sunt doloremque', '34', '01', 'http://placeimg.com/1020/800/people?43954');
INSERT INTO public.impact 
            (id, org, indicator, value, sdg, image)
            VALUES
            ('f3f9d383-dfd1-46f5-b7dd-5852ebef69ba', 'ad2895cd-931f-42ba-8752-748e396d3993', 'adipisci perferendis minima omnis voluptatibus', '54', '06', 'http://placeimg.com/1020/800/people?43954');
INSERT INTO public.impact 
            (id, org, indicator, value, sdg, image)
            VALUES
            ('76cc6e47-3581-497b-b9a7-53df3975ca6a', '6fa440bf-bc5d-4f61-8b87-7410b1b2271b', 'veniam voluptas odio quia reprehenderit', '35', '02', 'http://placeimg.com/1020/800/people?43954');
INSERT INTO public.impact 
            (id, org, indicator, value, sdg, image)
            VALUES
            ('139af82f-fcd9-41c7-bd70-e67dde23618e', '113b151a-46c3-4ea6-a599-0cfd9d72cd1a', 'veniam explicabo odit porro sequi', '83', '05', 'http://placeimg.com/1020/800/people?43954');
INSERT INTO public.impact 
            (id, org, indicator, value, sdg, image)
            VALUES
            ('655e4f65-19f4-413a-87c9-ba290de7d7cb', '77d2fb3f-853a-40b4-a73e-e5e91d6e2d29', 'quasi explicabo dicta aut quae', '70', '01', 'http://placeimg.com/1020/800/people?43954');
INSERT INTO public.impact 
            (id, org, indicator, value, sdg, image)
            VALUES
            ('d7e1027f-dc88-491f-92e0-0eb83c82ef16', 'e16b873e-d1f4-437a-a836-ea376fbe2b14', 'ab sunt minus id quia', '29', '06', 'http://placeimg.com/1020/800/people?43954');
INSERT INTO public.impact 
            (id, org, indicator, value, sdg, image)
            VALUES
            ('1891cbca-5a97-4333-a850-94390ad9dfc0', '25d03c00-0558-4b52-9d57-6fa85c09a942', 'facilis suscipit quis eum quia', '5', '01', 'http://placeimg.com/1020/800/people?43954');
INSERT INTO public.impact 
            (id, org, indicator, value, sdg, image)
            VALUES
            ('8c1c375d-217d-4676-a9c7-42566a7b6be1', '8d6827a1-9dbf-44a2-a60c-7ea79a6c24f8', 'sunt consequuntur ad temporibus est', '58', '01', 'http://placeimg.com/1020/800/people?43954');
INSERT INTO public.impact 
            (id, org, indicator, value, sdg, image)
            VALUES
            ('ce53adc6-041f-48e1-a413-a89b3a371b51', 'ac739be6-cd3e-4fce-8751-0fbc36cc4acd', 'consequatur adipisci velit non et', '35', '05', 'http://placeimg.com/1020/800/people?43954');
INSERT INTO public.impact 
            (id, org, indicator, value, sdg, image)
            VALUES
            ('6c9bdb76-b5bb-4b16-a253-6749d80f8e8d', 'b4ca8169-b12b-454c-b385-24f15d952c4e', 'in inventore nostrum omnis consectetur', '48', '06', 'http://placeimg.com/1020/800/people?43954');
INSERT INTO public.impact 
            (id, org, indicator, value, sdg, image)
            VALUES
            ('1977fa7a-77fd-431e-a3f2-59231b1e1f4f', 'ca9a4dd4-2e0a-4383-8d88-9305629fa52b', 'minus debitis et quos molestiae', '98', '04', 'http://placeimg.com/1020/800/people?43954');
INSERT INTO public.impact 
            (id, org, indicator, value, sdg, image)
            VALUES
            ('951b3428-3f0c-41df-8563-d853c13baddc', '98c8f25f-85d8-4681-a344-613383d33bbe', 'perspiciatis dolore nemo quaerat eos', '0', '05', 'http://placeimg.com/1020/800/people?43954');
INSERT INTO public.impact 
            (id, org, indicator, value, sdg, image)
            VALUES
            ('2d187d67-909e-4447-afca-992395665f0f', '31505e7c-716a-4bd6-a44c-9d251adc7dc4', 'quo totam cumque aspernatur qui', '90', '03', 'http://placeimg.com/1020/800/people?43954');
INSERT INTO public.impact 
            (id, org, indicator, value, sdg, image)
            VALUES
            ('d2c9959f-30db-4eaa-8c6c-3183f1d93e1b', '34b4ca40-94bd-4846-b73f-a30fe1111b02', 'est deleniti qui ratione expedita', '36', '02', 'http://placeimg.com/1020/800/people?43954');
INSERT INTO public.impact 
            (id, org, indicator, value, sdg, image)
            VALUES
            ('128c7f78-b3a3-40fe-bc14-8cbc78c1fe8e', '8940ace2-7953-44c2-b441-6db18609694d', 'veritatis ab hic quia omnis', '91', '06', 'http://placeimg.com/1020/800/people?43954');
INSERT INTO public.impact 
            (id, org, indicator, value, sdg, image)
            VALUES
            ('1c885de5-0771-47eb-92c4-5ac638a4f621', 'eb49aff5-1a50-498e-b14a-19bab3f8189c', 'omnis sint occaecati mollitia qui', '31', '03', 'http://placeimg.com/1020/800/people?43954');
INSERT INTO public.impact 
            (id, org, indicator, value, sdg, image)
            VALUES
            ('f8ae7e01-f1fd-40ae-9724-18f0522f5f94', 'eb49aff5-1a50-498e-b14a-19bab3f8189c', 'voluptatem nesciunt et consequatur voluptatem', '12', '05', 'http://placeimg.com/1020/800/people?43954');
INSERT INTO public.impact 
            (id, org, indicator, value, sdg, image)
            VALUES
            ('535f689b-8006-4a7b-a430-c497e3ce6f7e', '3c454d26-e580-4371-a257-e923d473728f', 'commodi voluptatem provident eligendi illo', '14', '01', 'http://placeimg.com/1020/800/people?43954');
INSERT INTO public.impact 
            (id, org, indicator, value, sdg, image)
            VALUES
            ('1525bf7c-744e-46a7-ae22-940816aa0bc7', '55307bb1-3719-45df-b2e9-c17438f0615d', 'voluptatem magni voluptatem enim et', '3', '03', 'http://placeimg.com/1020/800/people?43954');
INSERT INTO public.impact 
            (id, org, indicator, value, sdg, image)
            VALUES
            ('eb211afa-6dda-4e3b-9c87-dca6703c762b', 'cf7a291e-1335-45f6-b2ee-be1506e746b3', 'minima dolorem nobis ut porro', '91', '05', 'http://placeimg.com/1020/800/people?43954');
INSERT INTO public.impact 
            (id, org, indicator, value, sdg, image)
            VALUES
            ('0045c012-dc6e-43f7-a354-9b787f9064ef', '62578a2b-a766-4b9d-b23d-283f6aa27ab5', 'nihil voluptas dignissimos beatae in', '39', '06', 'http://placeimg.com/1020/800/people?43954');
INSERT INTO public.impact 
            (id, org, indicator, value, sdg, image)
            VALUES
            ('7a264507-1cf0-4706-a1b6-303ac36e518b', '31505e7c-716a-4bd6-a44c-9d251adc7dc4', 'eveniet qui officiis inventore ut', '32', '04', 'http://placeimg.com/1020/800/people?43954');
INSERT INTO public.impact 
            (id, org, indicator, value, sdg, image)
            VALUES
            ('f1031338-a700-4b64-bf06-4c75f2be2b48', '4e7dd02b-1490-4352-9df3-e2bd5e883851', 'commodi nisi animi nemo et', '96', '06', 'http://placeimg.com/1020/800/people?43954');
INSERT INTO public.impact 
            (id, org, indicator, value, sdg, image)
            VALUES
            ('91d74dd7-0e77-4935-be49-f3cfdf3f8904', '1b48efce-7bfb-408f-9bc2-ec7cf0fee324', 'laboriosam velit voluptas quae quam', '75', '05', 'http://placeimg.com/1020/800/people?43954');
INSERT INTO public.impact 
            (id, org, indicator, value, sdg, image)
            VALUES
            ('2fd73666-3b41-4cd6-a2a7-b6e336aeccf8', '7c5615ad-dc32-4a42-892c-ab0e8d0e5582', 'fugit repellat est nemo dolorem', '71', '06', 'http://placeimg.com/1020/800/people?43954');
INSERT INTO public.impact 
            (id, org, indicator, value, sdg, image)
            VALUES
            ('e095d0a6-42e9-420e-abb7-8402c640308f', 'dc317e71-1f5d-4bbe-af4f-d336cc234192', 'repellendus praesentium quisquam iure ipsa', '99', '03', 'http://placeimg.com/1020/800/people?43954');
INSERT INTO public.impact 
            (id, org, indicator, value, sdg, image)
            VALUES
            ('dd49d8f4-ecf2-47d4-ad76-94457260d3b6', '40c16e38-b39a-4b97-9358-e9783c48f76b', 'repudiandae rerum deleniti ad inventore', '45', '06', 'http://placeimg.com/1020/800/people?43954');
INSERT INTO public.impact 
            (id, org, indicator, value, sdg, image)
            VALUES
            ('f0108a01-8cb7-49c0-a3e5-e84ebb8d8383', 'd4dc1d02-b357-411b-b673-724a3b5448c3', 'repudiandae qui nemo vero deleniti', '98', '05', 'http://placeimg.com/1020/800/people?43954');
INSERT INTO public.impact 
            (id, org, indicator, value, sdg, image)
            VALUES
            ('89cb373b-a076-4f2c-bfd3-3dc14ba744bd', '7a44ccf5-7f92-4959-99c1-17968763fd04', 'temporibus qui vel dolorum reprehenderit', '96', '06', 'http://placeimg.com/1020/800/people?43954');
INSERT INTO public.impact 
            (id, org, indicator, value, sdg, image)
            VALUES
            ('45901bec-fb9a-4e9b-ba2b-b5c4efc2ad14', '16441112-bc16-4c3b-b555-631c50d890a6', 'et dolor mollitia id cum', '89', '03', 'http://placeimg.com/1020/800/people?43954');
INSERT INTO public.impact 
            (id, org, indicator, value, sdg, image)
            VALUES
            ('d05796f4-dd98-46bb-bded-9a4dd5d59263', '9afc3ffa-2287-4a10-b633-40b44c314a85', 'adipisci atque architecto laboriosam eligendi', '24', '03', 'http://placeimg.com/1020/800/people?43954');
INSERT INTO public.impact 
            (id, org, indicator, value, sdg, image)
            VALUES
            ('bf00ae04-ec21-468a-a59b-4d07f55c4a82', 'ab384bca-3a99-4cca-94d1-9f076a3bd55e', 'error ut aut est repellendus', '38', '03', 'http://placeimg.com/1020/800/people?43954');
INSERT INTO public.impact 
            (id, org, indicator, value, sdg, image)
            VALUES
            ('386ebe79-b3ba-4d89-8fdb-68e2d23117cf', '3c57bdce-38eb-4123-8ea4-b5060226f355', 'voluptatem quae nostrum aliquid dolorum', '68', '02', 'http://placeimg.com/1020/800/people?43954');
INSERT INTO public.impact 
            (id, org, indicator, value, sdg, image)
            VALUES
            ('6d0f22f2-d4ea-4301-bb5e-742f6e3f53fa', '47ff1a86-a758-421a-90c0-f42159cc28d9', 'quia molestias id quod est', '42', '03', 'http://placeimg.com/1020/800/people?43954');
INSERT INTO public.impact 
            (id, org, indicator, value, sdg, image)
            VALUES
            ('e93adf40-b79e-4d32-b47a-2a3286ec4652', 'e2cb83a9-dfa6-4b37-b839-981f6d55ee0d', 'nobis esse expedita eos autem', '45', '01', 'http://placeimg.com/1020/800/people?43954');
INSERT INTO public.impact 
            (id, org, indicator, value, sdg, image)
            VALUES
            ('e4b4785f-6a48-4027-aac7-09b3f403b267', 'ccd4a892-97db-420e-bf58-3eb6a634834a', 'cum aut ab corporis quia', '5', '05', 'http://placeimg.com/1020/800/people?43954');
INSERT INTO public.impact 
            (id, org, indicator, value, sdg, image)
            VALUES
            ('44fa971e-370b-4a1e-a2f0-9642c6eb9621', '8052e122-c8d2-4ee5-84ed-653e81592a66', 'ad excepturi amet sit aut', '90', '06', 'http://placeimg.com/1020/800/people?43954');
INSERT INTO public.impact 
            (id, org, indicator, value, sdg, image)
            VALUES
            ('7961fb93-00aa-43b1-af03-1ae14730ce10', '40c16e38-b39a-4b97-9358-e9783c48f76b', 'quo et illo ut quia', '60', '03', 'http://placeimg.com/1020/800/people?43954');
INSERT INTO public.impact 
            (id, org, indicator, value, sdg, image)
            VALUES
            ('984a9ebd-761d-4f4f-9f71-c83f49762d02', '045f164c-2c2f-4e9e-85d1-58303aa778a3', 'ut dolorum sit autem sequi', '97', '02', 'http://placeimg.com/1020/800/people?43954');
INSERT INTO public.impact 
            (id, org, indicator, value, sdg, image)
            VALUES
            ('4323ac5c-0178-4955-9d27-b7c1a98f5b4c', 'b2a4d53d-3609-46fa-b8cf-638a9c0bf2ff', 'velit nam blanditiis blanditiis velit', '7', '04', 'http://placeimg.com/1020/800/people?43954');
INSERT INTO public.impact 
            (id, org, indicator, value, sdg, image)
            VALUES
            ('22630e75-5e2f-4c3c-be73-67e6366cf693', 'ca9a4dd4-2e0a-4383-8d88-9305629fa52b', 'est perferendis voluptatum cum debitis', '94', '05', 'http://placeimg.com/1020/800/people?43954');
INSERT INTO public.impact 
            (id, org, indicator, value, sdg, image)
            VALUES
            ('07e545f8-21eb-4cd4-9143-62d9ab546af7', '8052e122-c8d2-4ee5-84ed-653e81592a66', 'cum temporibus exercitationem quibusdam est', '47', '04', 'http://placeimg.com/1020/800/people?43954');
INSERT INTO public.impact 
            (id, org, indicator, value, sdg, image)
            VALUES
            ('5cf3f2f7-179f-4bef-b475-f60d88c48077', 'ac739be6-cd3e-4fce-8751-0fbc36cc4acd', 'consequatur ea deleniti exercitationem est', '22', '03', 'http://placeimg.com/1020/800/people?43954');
INSERT INTO public.impact 
            (id, org, indicator, value, sdg, image)
            VALUES
            ('8e116471-eca6-43e2-bcba-36a83ce0be37', '071381ec-0fb7-44a8-808f-ab729efd83db', 'aspernatur sed laborum ducimus atque', '19', '05', 'http://placeimg.com/1020/800/people?43954');
INSERT INTO public.impact 
            (id, org, indicator, value, sdg, image)
            VALUES
            ('d0c75f11-7347-4e9c-ab7d-2e35393700d9', '8e84bbf3-1ce9-4d8a-92bb-29b4ab0f70cf', 'recusandae dolorum doloremque natus qui', '37', '02', 'http://placeimg.com/1020/800/people?43954');
INSERT INTO public.impact 
            (id, org, indicator, value, sdg, image)
            VALUES
            ('5766511e-ffa5-4af5-b988-55a1448f44ec', 'd1e25b2f-23ff-4055-8291-4d810b28c582', 'magnam sunt laborum culpa et', '90', '04', 'http://placeimg.com/1020/800/people?43954');
INSERT INTO public.impact 
            (id, org, indicator, value, sdg, image)
            VALUES
            ('bf51ffe1-8bd2-4f1e-9761-7536e6b98c0a', '30cd4d52-56b5-4a1c-9987-0b586bdc462f', 'nobis quasi nihil in molestias', '82', '02', 'http://placeimg.com/1020/800/people?43954');
INSERT INTO public.impact 
            (id, org, indicator, value, sdg, image)
            VALUES
            ('0b49a6a1-8a40-4555-b43e-a05ea3333b64', 'b22114bb-5967-47cc-9e52-4adfe5e6ba77', 'similique aut nobis repellat aliquid', '12', '01', 'http://placeimg.com/1020/800/people?43954');
INSERT INTO public.impact 
            (id, org, indicator, value, sdg, image)
            VALUES
            ('6dc3a7c0-e956-4928-92db-3eb6c7fcd581', '735fa47d-70de-4171-8e61-49485170e1ef', 'corrupti voluptatum dignissimos inventore delectus', '70', '01', 'http://placeimg.com/1020/800/people?43954');
INSERT INTO public.impact 
            (id, org, indicator, value, sdg, image)
            VALUES
            ('595d6d4c-db54-4de2-8f8e-69131082fcae', 'ca9a4dd4-2e0a-4383-8d88-9305629fa52b', 'aut voluptatum eveniet ea enim', '0', '06', 'http://placeimg.com/1020/800/people?43954');
INSERT INTO public.impact 
            (id, org, indicator, value, sdg, image)
            VALUES
            ('d4e3c73d-a9b7-40d7-8645-3f9c2221d584', 'b721ae8a-0404-42b3-a771-3c1ee76726b7', 'iste voluptatibus voluptatem aut quae', '39', '06', 'http://placeimg.com/1020/800/people?43954');
INSERT INTO public.impact 
            (id, org, indicator, value, sdg, image)
            VALUES
            ('0d142057-3c61-4d34-9e6c-d26b206c1516', '34b4ca40-94bd-4846-b73f-a30fe1111b02', 'laudantium voluptates alias dicta ut', '78', '06', 'http://placeimg.com/1020/800/people?43954');
INSERT INTO public.impact 
            (id, org, indicator, value, sdg, image)
            VALUES
            ('bec110f1-94c8-4aa7-ad1b-89124a75cadf', '9afc3ffa-2287-4a10-b633-40b44c314a85', 'sit iure eos aspernatur voluptatem', '69', '05', 'http://placeimg.com/1020/800/people?43954');
INSERT INTO public.impact 
            (id, org, indicator, value, sdg, image)
            VALUES
            ('0bd90576-d0c7-4236-9e76-73914fc26d09', 'aaa8780e-e626-4d65-bd47-89ec7189a424', 'consequatur eos quis mollitia sint', '63', '02', 'http://placeimg.com/1020/800/people?43954');
INSERT INTO public.impact 
            (id, org, indicator, value, sdg, image)
            VALUES
            ('7924799f-8a76-4ad0-b87c-4f58e8a7a97b', 'eb49aff5-1a50-498e-b14a-19bab3f8189c', 'minima dolore porro fugit ipsum', '48', '03', 'http://placeimg.com/1020/800/people?43954');
INSERT INTO public.impact 
            (id, org, indicator, value, sdg, image)
            VALUES
            ('c0640326-980c-44ab-9447-8df63b27cee2', 'e90a1492-090c-4ba8-ae9b-5c4b15c3eef1', 'officia vel aperiam ratione illum', '73', '05', 'http://placeimg.com/1020/800/people?43954');
INSERT INTO public.impact 
            (id, org, indicator, value, sdg, image)
            VALUES
            ('86e0d97c-89aa-44d5-bcf2-cbe48865e18d', '059114ae-fdb5-4984-a067-e37a4c7eeb13', 'voluptatibus et harum iste dolores', '74', '03', 'http://placeimg.com/1020/800/people?43954');
INSERT INTO public.impact 
            (id, org, indicator, value, sdg, image)
            VALUES
            ('17b33aea-2b4b-46d5-be11-7d1e080b2680', 'ab384bca-3a99-4cca-94d1-9f076a3bd55e', 'exercitationem aspernatur hic optio velit', '69', '01', 'http://placeimg.com/1020/800/people?43954');
INSERT INTO public.impact 
            (id, org, indicator, value, sdg, image)
            VALUES
            ('f55dde6a-c939-430d-8475-58acb6534d4c', '6fa440bf-bc5d-4f61-8b87-7410b1b2271b', 'voluptatem soluta earum unde voluptatem', '85', '04', 'http://placeimg.com/1020/800/people?43954');
INSERT INTO public.impact 
            (id, org, indicator, value, sdg, image)
            VALUES
            ('489ad40c-dda0-4722-8bf5-2918045baf86', 'f3447cdc-a6e2-45d0-a28b-60f97b6c28a1', 'qui sapiente asperiores vitae quia', '36', '01', 'http://placeimg.com/1020/800/people?43954');
INSERT INTO public.impact 
            (id, org, indicator, value, sdg, image)
            VALUES
            ('ccafcead-5437-4f73-ac1a-6dced5186d8b', '95eeae40-0ca8-44eb-a01e-462b0280df8e', 'suscipit velit amet possimus rem', '86', '04', 'http://placeimg.com/1020/800/people?43954');
INSERT INTO public.impact 
            (id, org, indicator, value, sdg, image)
            VALUES
            ('f2f581ad-b442-4bd8-a574-8cfcef3d91d8', 'd4dc1d02-b357-411b-b673-724a3b5448c3', 'expedita quibusdam at rerum sunt', '28', '04', 'http://placeimg.com/1020/800/people?43954');
INSERT INTO public.impact 
            (id, org, indicator, value, sdg, image)
            VALUES
            ('b40aff4e-ddcd-4664-98e3-38c8aae794a5', 'ac739be6-cd3e-4fce-8751-0fbc36cc4acd', 'est accusantium quaerat totam non', '68', '05', 'http://placeimg.com/1020/800/people?43954');
INSERT INTO public.impact 
            (id, org, indicator, value, sdg, image)
            VALUES
            ('22b4653a-8fca-45db-9105-9c9564fd98f9', '9bef0387-131e-4988-9202-2d5ebf85fbb8', 'vel voluptatibus iste animi ab', '46', '04', 'http://placeimg.com/1020/800/people?43954');
INSERT INTO public.impact 
            (id, org, indicator, value, sdg, image)
            VALUES
            ('678bfd16-a1f5-4fa1-a0c1-7d1c540fa743', 'b22114bb-5967-47cc-9e52-4adfe5e6ba77', 'rerum ad nam modi nihil', '54', '01', 'http://placeimg.com/1020/800/people?43954');
INSERT INTO public.impact 
            (id, org, indicator, value, sdg, image)
            VALUES
            ('b87f03b8-755a-481c-bdd2-ed753388871d', '67996314-df7c-49c6-8cb2-716f3c7fa327', 'quia et libero eos occaecati', '6', '02', 'http://placeimg.com/1020/800/people?43954');
INSERT INTO public.impact 
            (id, org, indicator, value, sdg, image)
            VALUES
            ('68fc0971-1fa9-4aa2-9e1c-c52d2fae37e1', 'c5b4a156-e03b-44ae-af3f-553f420c16a9', 'error architecto enim similique labore', '89', '04', 'http://placeimg.com/1020/800/people?43954');
INSERT INTO public.impact 
            (id, org, indicator, value, sdg, image)
            VALUES
            ('be93a5ce-73c9-41c8-9600-fc90bd1182b8', '95eeae40-0ca8-44eb-a01e-462b0280df8e', 'qui omnis impedit tempora vitae', '7', '06', 'http://placeimg.com/1020/800/people?43954');
INSERT INTO public.impact 
            (id, org, indicator, value, sdg, image)
            VALUES
            ('7638278e-0f7c-4a7e-aa41-e96e3a9ffa5e', '25d03c00-0558-4b52-9d57-6fa85c09a942', 'adipisci perferendis ullam hic adipisci', '37', '06', 'http://placeimg.com/1020/800/people?43954');
INSERT INTO public.impact 
            (id, org, indicator, value, sdg, image)
            VALUES
            ('d8be4c27-7937-4bee-b857-568cef54867b', 'fd41651f-1ddf-4f18-8a92-bef387c75e9e', 'sit delectus voluptate aperiam optio', '48', '03', 'http://placeimg.com/1020/800/people?43954');
INSERT INTO public.impact 
            (id, org, indicator, value, sdg, image)
            VALUES
            ('260ec31e-98ff-4554-b127-d1699339ea34', 'b67dadd8-ab96-4cf6-a1e2-ad60bdbd6863', 'id exercitationem non eum aut', '12', '06', 'http://placeimg.com/1020/800/people?43954');
INSERT INTO public.impact 
            (id, org, indicator, value, sdg, image)
            VALUES
            ('05056f36-61c1-452f-8aa4-d2caa2bae7df', 'e6d60b9d-2494-4852-8796-cdbf38e3f04e', 'qui similique nisi ipsam dolorum', '19', '04', 'http://placeimg.com/1020/800/people?43954');
INSERT INTO public.impact 
            (id, org, indicator, value, sdg, image)
            VALUES
            ('e8ac27d1-d3d9-4031-b10e-3b2a3b485689', '8940ace2-7953-44c2-b441-6db18609694d', 'ut dolores eveniet ut eaque', '11', '04', 'http://placeimg.com/1020/800/people?43954');
INSERT INTO public.impact 
            (id, org, indicator, value, sdg, image)
            VALUES
            ('cff1d745-624f-45da-9763-4c10a5d1266e', 'b67dadd8-ab96-4cf6-a1e2-ad60bdbd6863', 'quas tenetur amet molestiae occaecati', '2', '04', 'http://placeimg.com/1020/800/people?43954');
INSERT INTO public.impact 
            (id, org, indicator, value, sdg, image)
            VALUES
            ('6670ff53-b6be-49d6-9f3b-a55788c809a4', 'dc317e71-1f5d-4bbe-af4f-d336cc234192', 'minus tempore autem iure enim', '47', '05', 'http://placeimg.com/1020/800/people?43954');
INSERT INTO public.impact 
            (id, org, indicator, value, sdg, image)
            VALUES
            ('5da53bb1-4949-4531-a1f1-a97cc3b4cb31', '8a29be84-63ec-45f1-ba7d-a6ff71328fde', 'reprehenderit sit nihil laboriosam iure', '19', '03', 'http://placeimg.com/1020/800/people?43954');
INSERT INTO public.impact 
            (id, org, indicator, value, sdg, image)
            VALUES
            ('0e6bf3fb-72e4-45c0-a8e9-4c548095a7da', '3c454d26-e580-4371-a257-e923d473728f', 'nesciunt fugit dolor distinctio earum', '84', '05', 'http://placeimg.com/1020/800/people?43954');
INSERT INTO public.impact 
            (id, org, indicator, value, sdg, image)
            VALUES
            ('0083bba8-6c19-43b0-9e25-fc7a0d359c75', '62578a2b-a766-4b9d-b23d-283f6aa27ab5', 'blanditiis incidunt quod officia autem', '44', '01', 'http://placeimg.com/1020/800/people?43954');
INSERT INTO public.impact 
            (id, org, indicator, value, sdg, image)
            VALUES
            ('100c0229-cf2e-4cec-a6c3-e8df3aacebd6', 'aaa8780e-e626-4d65-bd47-89ec7189a424', 'veritatis impedit ea et veritatis', '38', '05', 'http://placeimg.com/1020/800/people?43954');
INSERT INTO public.impact 
            (id, org, indicator, value, sdg, image)
            VALUES
            ('d2e7a89a-8a44-4f4f-927b-145751cb15a1', '62460082-47ed-4c0b-9d39-7e04fb8bcd6b', 'est voluptas a qui ut', '36', '04', 'http://placeimg.com/1020/800/people?43954');
INSERT INTO public.impact 
            (id, org, indicator, value, sdg, image)
            VALUES
            ('cd8b368e-da3c-4506-9c7a-428ea061144a', '1480d435-2eed-47ab-b48c-24caaeeb2fe2', 'vel sit eos inventore sequi', '0', '01', 'http://placeimg.com/1020/800/people?43954');
INSERT INTO public.impact 
            (id, org, indicator, value, sdg, image)
            VALUES
            ('b3b6b9e7-3468-4daa-8413-fe753b64d058', 'ab1b11d1-9bc6-4477-91bc-e1f9c72830ca', 'quasi aut dolor numquam aliquid', '10', '05', 'http://placeimg.com/1020/800/people?43954');
INSERT INTO public.impact 
            (id, org, indicator, value, sdg, image)
            VALUES
            ('591e5d14-a71c-4fcc-86c3-a50eba53be83', '4adb0382-b914-4b13-9cf4-55a9a0b5ff8e', 'quibusdam accusamus ipsum veritatis quasi', '33', '04', 'http://placeimg.com/1020/800/people?43954');
INSERT INTO public.impact 
            (id, org, indicator, value, sdg, image)
            VALUES
            ('fd7f3639-8ac6-4ca7-8c97-6d3f200232d0', '8052e122-c8d2-4ee5-84ed-653e81592a66', 'nostrum quidem vel nesciunt sint', '16', '01', 'http://placeimg.com/1020/800/people?43954');
INSERT INTO public.impact 
            (id, org, indicator, value, sdg, image)
            VALUES
            ('fd6efb84-644a-468b-b7de-0961018e8674', 'dc317e71-1f5d-4bbe-af4f-d336cc234192', 'id quia ut voluptates et', '30', '04', 'http://placeimg.com/1020/800/people?43954');
INSERT INTO public.impact 
            (id, org, indicator, value, sdg, image)
            VALUES
            ('a2240122-ca74-4753-8f0f-3cef2f0b59b5', '4e7dd02b-1490-4352-9df3-e2bd5e883851', 'autem eligendi quae voluptas quibusdam', '30', '06', 'http://placeimg.com/1020/800/people?43954');
INSERT INTO public.impact 
            (id, org, indicator, value, sdg, image)
            VALUES
            ('820ddcaa-af4f-47b1-b5a9-d3809264f445', '21291e8e-f641-481b-bbd1-d4574692620e', 'laudantium voluptatum iste eos ea', '14', '05', 'http://placeimg.com/1020/800/people?43954');
INSERT INTO public.impact 
            (id, org, indicator, value, sdg, image)
            VALUES
            ('3ba5d1ed-ca3a-477c-8fc1-508cfd76d815', '0db28eb8-5518-41b7-8539-6ab1ecf83bac', 'est mollitia illum voluptatem nemo', '57', '04', 'http://placeimg.com/1020/800/people?43954');
INSERT INTO public.impact 
            (id, org, indicator, value, sdg, image)
            VALUES
            ('9b99d627-7a90-467b-a05e-b03121945de6', '113b151a-46c3-4ea6-a599-0cfd9d72cd1a', 'blanditiis consectetur pariatur ut vel', '90', '02', 'http://placeimg.com/1020/800/people?43954');
INSERT INTO public.impact 
            (id, org, indicator, value, sdg, image)
            VALUES
            ('3d143860-1345-4c45-bffe-44bb93d23392', 'ccd4a892-97db-420e-bf58-3eb6a634834a', 'earum magni totam labore voluptatem', '4', '03', 'http://placeimg.com/1020/800/people?43954');
INSERT INTO public.impact 
            (id, org, indicator, value, sdg, image)
            VALUES
            ('7ccb0d71-f098-483f-aab7-7e720c18a277', '0300b803-0602-4de2-b428-d35860bb9233', 'provident velit esse at voluptatem', '92', '06', 'http://placeimg.com/1020/800/people?43954');
INSERT INTO public.impact 
            (id, org, indicator, value, sdg, image)
            VALUES
            ('9b2ab177-c6a7-43eb-9949-f6ddae0aecd7', '95eeae40-0ca8-44eb-a01e-462b0280df8e', 'ex soluta vel consequuntur ut', '100', '03', 'http://placeimg.com/1020/800/people?43954');
INSERT INTO public.impact 
            (id, org, indicator, value, sdg, image)
            VALUES
            ('5200f752-b60a-4faf-9365-a9044688cf76', '62460082-47ed-4c0b-9d39-7e04fb8bcd6b', 'quia quia asperiores id a', '8', '03', 'http://placeimg.com/1020/800/people?43954');
INSERT INTO public.impact 
            (id, org, indicator, value, sdg, image)
            VALUES
            ('f4c3c525-9581-4118-9cd0-724d16f71167', 'e6d60b9d-2494-4852-8796-cdbf38e3f04e', 'placeat ut voluptas consectetur aspernatur', '88', '05', 'http://placeimg.com/1020/800/people?43954');
INSERT INTO public.impact 
            (id, org, indicator, value, sdg, image)
            VALUES
            ('bb61e5a9-7545-4dec-8fa7-24f84f09f800', '3a9022a0-54a9-408a-be95-3dfa30c6f434', 'porro eos itaque odio repudiandae', '51', '06', 'http://placeimg.com/1020/800/people?43954');
INSERT INTO public.impact 
            (id, org, indicator, value, sdg, image)
            VALUES
            ('7b35f31d-cca9-4a03-a1aa-8ae795910714', '4adb0382-b914-4b13-9cf4-55a9a0b5ff8e', 'voluptate totam ut aut molestias', '82', '03', 'http://placeimg.com/1020/800/people?43954');
INSERT INTO public.impact 
            (id, org, indicator, value, sdg, image)
            VALUES
            ('5419281a-eafc-4cf0-be80-33935244f847', 'da98ca80-1257-466e-83a4-fa1dc5d95428', 'sunt consequatur facilis sit laboriosam', '88', '05', 'http://placeimg.com/1020/800/people?43954');
INSERT INTO public.impact 
            (id, org, indicator, value, sdg, image)
            VALUES
            ('a9f84d5a-08d2-4b77-a71b-408c53884f1b', 'b67dadd8-ab96-4cf6-a1e2-ad60bdbd6863', 'accusantium unde ab laboriosam sed', '72', '04', 'http://placeimg.com/1020/800/people?43954');
INSERT INTO public.impact 
            (id, org, indicator, value, sdg, image)
            VALUES
            ('8ec43049-36ed-415b-af0f-e58a538debd5', 'aaa8780e-e626-4d65-bd47-89ec7189a424', 'nulla qui est ea saepe', '29', '06', 'http://placeimg.com/1020/800/people?43954');
INSERT INTO public.impact 
            (id, org, indicator, value, sdg, image)
            VALUES
            ('a92c0699-7f68-4d64-90ee-d54a6bad659b', '7b76d3fe-f1a8-4f4a-8536-c9816cadffd0', 'quod tempora voluptatem minus atque', '49', '01', 'http://placeimg.com/1020/800/people?43954');
INSERT INTO public.impact 
            (id, org, indicator, value, sdg, image)
            VALUES
            ('350abb19-b011-416b-a182-84bfbf552e6f', '3a9022a0-54a9-408a-be95-3dfa30c6f434', 'veniam aut aut commodi excepturi', '24', '02', 'http://placeimg.com/1020/800/people?43954');
INSERT INTO public.impact 
            (id, org, indicator, value, sdg, image)
            VALUES
            ('685603de-c15a-463f-9bcf-31d0b35290df', '77d2fb3f-853a-40b4-a73e-e5e91d6e2d29', 'sunt non sed ut minima', '96', '03', 'http://placeimg.com/1020/800/people?43954');
INSERT INTO public.impact 
            (id, org, indicator, value, sdg, image)
            VALUES
            ('7f17ffa3-5bba-4995-a2ec-543dfdd3eb5e', '2d5f2b6a-302e-44db-abfb-566b165e3930', 'sunt est amet quo voluptatum', '87', '02', 'http://placeimg.com/1020/800/people?43954');
INSERT INTO public.impact 
            (id, org, indicator, value, sdg, image)
            VALUES
            ('74b1261b-aeef-4a6b-9400-ab49bade9f86', '87c37b49-90d7-4be3-ab65-2a1766e04b65', 'eum minus soluta repellendus consequuntur', '80', '01', 'http://placeimg.com/1020/800/people?43954');
INSERT INTO public.impact 
            (id, org, indicator, value, sdg, image)
            VALUES
            ('56707d96-978b-494c-a205-19878b9ae655', '9093a0fb-ce5b-432e-b4f4-888fba052976', 'dolore deleniti odio veniam necessitatibus', '59', '02', 'http://placeimg.com/1020/800/people?43954');
INSERT INTO public.impact 
            (id, org, indicator, value, sdg, image)
            VALUES
            ('72fc72e1-5298-49ff-87cf-e32cf9acb382', '3a9022a0-54a9-408a-be95-3dfa30c6f434', 'et dignissimos cum molestiae dolorem', '6', '03', 'http://placeimg.com/1020/800/people?43954');
INSERT INTO public.impact 
            (id, org, indicator, value, sdg, image)
            VALUES
            ('5696e67a-5f07-4bf0-b789-a016768d2d58', '95eeae40-0ca8-44eb-a01e-462b0280df8e', 'aliquid voluptatum cum quis at', '51', '05', 'http://placeimg.com/1020/800/people?43954');
INSERT INTO public.impact 
            (id, org, indicator, value, sdg, image)
            VALUES
            ('094a0fdc-8f87-4d9b-99fc-dd258bd7442e', '1480d435-2eed-47ab-b48c-24caaeeb2fe2', 'odit id in minima quae', '49', '02', 'http://placeimg.com/1020/800/people?43954');
INSERT INTO public.impact 
            (id, org, indicator, value, sdg, image)
            VALUES
            ('0d0c04c2-d819-46f7-9267-04c8c347817d', 'c7dc1be5-c989-4e58-9437-090742e40c18', 'libero tempore quasi rem ut', '66', '05', 'http://placeimg.com/1020/800/people?43954');
INSERT INTO public.impact 
            (id, org, indicator, value, sdg, image)
            VALUES
            ('e33879b5-01b3-43c6-a61d-26dbe747bc13', '55307bb1-3719-45df-b2e9-c17438f0615d', 'qui error explicabo mollitia est', '9', '05', 'http://placeimg.com/1020/800/people?43954');
INSERT INTO public.impact 
            (id, org, indicator, value, sdg, image)
            VALUES
            ('27ded047-7479-4625-a528-fd92b20e3a8b', '4229bfd4-6dff-40bb-a0d0-adf93e7d6b0e', 'ipsam sint et voluptas aspernatur', '52', '06', 'http://placeimg.com/1020/800/people?43954');
INSERT INTO public.impact 
            (id, org, indicator, value, sdg, image)
            VALUES
            ('a81fc23a-b765-45c8-a4a6-f8da12733fe7', '7dfa6987-82f8-46cc-b765-600e3785619d', 'voluptatem fuga et quisquam a', '42', '06', 'http://placeimg.com/1020/800/people?43954');
INSERT INTO public.impact 
            (id, org, indicator, value, sdg, image)
            VALUES
            ('d4169e14-e425-4a9e-9823-34aa0a3772e9', '1480d435-2eed-47ab-b48c-24caaeeb2fe2', 'autem necessitatibus ea et tenetur', '15', '01', 'http://placeimg.com/1020/800/people?43954');
INSERT INTO public.impact 
            (id, org, indicator, value, sdg, image)
            VALUES
            ('865f0774-d052-4e1f-a522-fd981898741a', '2d5f2b6a-302e-44db-abfb-566b165e3930', 'aut corporis eum voluptate enim', '36', '02', 'http://placeimg.com/1020/800/people?43954');
INSERT INTO public.impact 
            (id, org, indicator, value, sdg, image)
            VALUES
            ('7399fc17-19b8-41b6-a597-2a50aac48b0f', '8d6827a1-9dbf-44a2-a60c-7ea79a6c24f8', 'molestiae et aliquam recusandae quis', '49', '04', 'http://placeimg.com/1020/800/people?43954');
INSERT INTO public.impact 
            (id, org, indicator, value, sdg, image)
            VALUES
            ('0f27c6b6-8d16-4622-aa61-70b492003fcc', '7a44ccf5-7f92-4959-99c1-17968763fd04', 'qui explicabo in et non', '77', '01', 'http://placeimg.com/1020/800/people?43954');
INSERT INTO public.impact 
            (id, org, indicator, value, sdg, image)
            VALUES
            ('6103dc19-af64-42e3-be29-c680e253311a', 'cf7a291e-1335-45f6-b2ee-be1506e746b3', 'omnis tempora aspernatur et sunt', '61', '01', 'http://placeimg.com/1020/800/people?43954');
INSERT INTO public.impact 
            (id, org, indicator, value, sdg, image)
            VALUES
            ('e610c3c0-4cc5-4ae7-bba6-fa948210ceb5', '7dfa6987-82f8-46cc-b765-600e3785619d', 'voluptatem omnis illum est sapiente', '70', '03', 'http://placeimg.com/1020/800/people?43954');
INSERT INTO public.impact 
            (id, org, indicator, value, sdg, image)
            VALUES
            ('17b7b49f-6078-420d-ad54-a615f0dcc730', '6ff4c36e-3bd0-4179-9972-16534d17db24', 'dolor sit illo voluptas natus', '36', '05', 'http://placeimg.com/1020/800/people?43954');
INSERT INTO public.impact 
            (id, org, indicator, value, sdg, image)
            VALUES
            ('cacbeba8-ab0d-4165-b390-7da262a57449', '25d03c00-0558-4b52-9d57-6fa85c09a942', 'consectetur rerum explicabo in saepe', '42', '03', 'http://placeimg.com/1020/800/people?43954');
INSERT INTO public.impact 
            (id, org, indicator, value, sdg, image)
            VALUES
            ('7772deb0-83fc-4eb3-80fe-652c1ff8049e', '5b22014e-bb0d-4c64-aa73-0e5f0d55e64c', 'reiciendis animi animi ab commodi', '22', '06', 'http://placeimg.com/1020/800/people?43954');
INSERT INTO public.impact 
            (id, org, indicator, value, sdg, image)
            VALUES
            ('e9672d01-7d6d-4982-814d-a6c1211ce119', '0db28eb8-5518-41b7-8539-6ab1ecf83bac', 'rerum nulla deleniti praesentium labore', '41', '02', 'http://placeimg.com/1020/800/people?43954');
INSERT INTO public.impact 
            (id, org, indicator, value, sdg, image)
            VALUES
            ('a8f47611-5412-4dc0-ad86-175621fdd084', 'abab7761-f02e-4bd4-b6f1-ac53f113a665', 'velit iure quasi quia autem', '83', '05', 'http://placeimg.com/1020/800/people?43954');
INSERT INTO public.impact 
            (id, org, indicator, value, sdg, image)
            VALUES
            ('8e00d076-47f1-4b25-b33d-77b96b52de5d', 'ca072ba2-5b59-4eba-b217-da288d5da229', 'quia non amet et quaerat', '63', '06', 'http://placeimg.com/1020/800/people?43954');
INSERT INTO public.impact 
            (id, org, indicator, value, sdg, image)
            VALUES
            ('909f85f6-a512-41c9-ab10-929a2237540e', '3c454d26-e580-4371-a257-e923d473728f', 'minus vel neque beatae sit', '20', '04', 'http://placeimg.com/1020/800/people?43954');
INSERT INTO public.impact 
            (id, org, indicator, value, sdg, image)
            VALUES
            ('a5392af6-ee6b-4694-9661-d210cb82a1e9', '8a29be84-63ec-45f1-ba7d-a6ff71328fde', 'tempora aut vel ea ipsum', '91', '05', 'http://placeimg.com/1020/800/people?43954');
INSERT INTO public.impact 
            (id, org, indicator, value, sdg, image)
            VALUES
            ('0a1dcf99-c54c-49a8-a9bf-dcd53496de8c', '8a29be84-63ec-45f1-ba7d-a6ff71328fde', 'itaque saepe inventore veniam ut', '8', '01', 'http://placeimg.com/1020/800/people?43954');
INSERT INTO public.impact 
            (id, org, indicator, value, sdg, image)
            VALUES
            ('3a872a34-bce0-42cd-a45d-d57113ee53f8', 'eb49aff5-1a50-498e-b14a-19bab3f8189c', 'et est doloribus minus id', '13', '05', 'http://placeimg.com/1020/800/people?43954');
INSERT INTO public.impact 
            (id, org, indicator, value, sdg, image)
            VALUES
            ('adf1fe9f-5b13-4251-bb7c-359072d7bb7e', 'b6936fb1-a9f4-4376-a62d-7c91128d95e4', 'accusamus cupiditate odio quia eos', '20', '02', 'http://placeimg.com/1020/800/people?43954');
INSERT INTO public.impact 
            (id, org, indicator, value, sdg, image)
            VALUES
            ('fbf143f7-1fa3-4a75-a49d-4250aa68759b', '838b19ee-6853-4503-ad8f-4c049af4cb7e', 'laudantium velit est voluptatum et', '77', '03', 'http://placeimg.com/1020/800/people?43954');
INSERT INTO public.impact 
            (id, org, indicator, value, sdg, image)
            VALUES
            ('9dde7eb4-c15f-46f9-961a-7d4cb546dacf', '31505e7c-716a-4bd6-a44c-9d251adc7dc4', 'est eos voluptatem aliquid itaque', '77', '06', 'http://placeimg.com/1020/800/people?43954');
INSERT INTO public.impact 
            (id, org, indicator, value, sdg, image)
            VALUES
            ('e0965cb1-ec45-4762-89a7-eca723203d41', 'ab384bca-3a99-4cca-94d1-9f076a3bd55e', 'voluptatibus est delectus alias consequatur', '2', '05', 'http://placeimg.com/1020/800/people?43954');
INSERT INTO public.impact 
            (id, org, indicator, value, sdg, image)
            VALUES
            ('452c6b5b-228e-423a-a717-3e2838ed9dc2', 'c5b4a156-e03b-44ae-af3f-553f420c16a9', 'similique ratione voluptatem cumque eos', '41', '01', 'http://placeimg.com/1020/800/people?43954');
INSERT INTO public.impact 
            (id, org, indicator, value, sdg, image)
            VALUES
            ('75636956-7669-4aa3-bbb9-35221038e4b4', 'c7dc1be5-c989-4e58-9437-090742e40c18', 'architecto porro iure id eius', '80', '06', 'http://placeimg.com/1020/800/people?43954');
INSERT INTO public.impact 
            (id, org, indicator, value, sdg, image)
            VALUES
            ('eccce2a2-238c-48cb-a13c-93c9d2dc8693', 'd4dc1d02-b357-411b-b673-724a3b5448c3', 'aliquam officiis rerum quibusdam sit', '56', '03', 'http://placeimg.com/1020/800/people?43954');
INSERT INTO public.impact 
            (id, org, indicator, value, sdg, image)
            VALUES
            ('333341aa-6be8-43ff-b8b0-cb896ef4db2a', 'abab7761-f02e-4bd4-b6f1-ac53f113a665', 'sed neque sint aut est', '39', '04', 'http://placeimg.com/1020/800/people?43954');
INSERT INTO public.impact 
            (id, org, indicator, value, sdg, image)
            VALUES
            ('fafbff30-a922-4c35-8bc2-c7eb480d6f2e', 'da98ca80-1257-466e-83a4-fa1dc5d95428', 'fuga vel eos aliquam in', '55', '05', 'http://placeimg.com/1020/800/people?43954');
INSERT INTO public.impact 
            (id, org, indicator, value, sdg, image)
            VALUES
            ('c2b23f26-d982-42fa-8959-73d4fc25bd24', '4229bfd4-6dff-40bb-a0d0-adf93e7d6b0e', 'earum velit similique sed in', '0', '03', 'http://placeimg.com/1020/800/people?43954');
INSERT INTO public.impact 
            (id, org, indicator, value, sdg, image)
            VALUES
            ('d67bc95a-86b6-48f3-8c54-35ac443965a0', 'ed49e89f-0958-4734-909a-0f8a075e2a6f', 'sint debitis aspernatur rem vel', '39', '04', 'http://placeimg.com/1020/800/people?43954');
INSERT INTO public.impact 
            (id, org, indicator, value, sdg, image)
            VALUES
            ('a0970e24-5886-450c-ab18-d71b6871e7f1', '17b1b023-ca65-4977-bf40-a7dc5f75a2a8', 'quia ducimus natus iste architecto', '57', '04', 'http://placeimg.com/1020/800/people?43954');
INSERT INTO public.impact 
            (id, org, indicator, value, sdg, image)
            VALUES
            ('6d402125-8404-4301-980e-7fbab45580ec', 'da98ca80-1257-466e-83a4-fa1dc5d95428', 'repellendus pariatur qui soluta sed', '94', '06', 'http://placeimg.com/1020/800/people?43954');
INSERT INTO public.impact 
            (id, org, indicator, value, sdg, image)
            VALUES
            ('77fdb28e-48a2-4c78-9235-33585733c032', 'c7dc1be5-c989-4e58-9437-090742e40c18', 'perspiciatis eos autem laborum iste', '71', '05', 'http://placeimg.com/1020/800/people?43954');
INSERT INTO public.impact 
            (id, org, indicator, value, sdg, image)
            VALUES
            ('c28bc16e-538e-4c7a-b830-2ccae55ab5eb', '8a29be84-63ec-45f1-ba7d-a6ff71328fde', 'voluptatum ea perspiciatis sed omnis', '91', '06', 'http://placeimg.com/1020/800/people?43954');
INSERT INTO public.impact 
            (id, org, indicator, value, sdg, image)
            VALUES
            ('637eb908-593c-404a-9200-14a3cfca662a', '7dfa6987-82f8-46cc-b765-600e3785619d', 'neque dolores repudiandae nihil sapiente', '43', '03', 'http://placeimg.com/1020/800/people?43954');
INSERT INTO public.impact 
            (id, org, indicator, value, sdg, image)
            VALUES
            ('59fd57c4-df60-4a83-8c04-b5ab6235856a', 'ca072ba2-5b59-4eba-b217-da288d5da229', 'aut est quis est accusamus', '38', '03', 'http://placeimg.com/1020/800/people?43954');
INSERT INTO public.impact 
            (id, org, indicator, value, sdg, image)
            VALUES
            ('54ed5eb7-dde8-4118-a3a4-553419facbb7', '6d16c86d-ae0a-4b8f-b6da-573e44624021', 'quia dolorem incidunt quo minima', '73', '05', 'http://placeimg.com/1020/800/people?43954');
INSERT INTO public.impact 
            (id, org, indicator, value, sdg, image)
            VALUES
            ('9f1c57d1-c30e-4ace-9986-d8831e2fcac0', '113b151a-46c3-4ea6-a599-0cfd9d72cd1a', 'mollitia quis earum velit similique', '92', '01', 'http://placeimg.com/1020/800/people?43954');
INSERT INTO public.impact 
            (id, org, indicator, value, sdg, image)
            VALUES
            ('a2c314b1-2b73-49b8-97aa-483e7cfcddbd', '7b76d3fe-f1a8-4f4a-8536-c9816cadffd0', 'dolorem veritatis omnis quis voluptatibus', '3', '03', 'http://placeimg.com/1020/800/people?43954');
INSERT INTO public.impact 
            (id, org, indicator, value, sdg, image)
            VALUES
            ('8846dbac-0b46-4f05-9a7b-70d3db0b6dcf', 'c7dc1be5-c989-4e58-9437-090742e40c18', 'sunt sunt eveniet asperiores et', '46', '01', 'http://placeimg.com/1020/800/people?43954');
INSERT INTO public.impact 
            (id, org, indicator, value, sdg, image)
            VALUES
            ('90b20bb2-799a-4db8-b203-79b94a1acb75', '9afc3ffa-2287-4a10-b633-40b44c314a85', 'minus voluptatem dolores et pariatur', '98', '01', 'http://placeimg.com/1020/800/people?43954');
INSERT INTO public.impact 
            (id, org, indicator, value, sdg, image)
            VALUES
            ('f1fecdc7-3fad-4b2f-8321-6fdddb1f5aff', '1b48efce-7bfb-408f-9bc2-ec7cf0fee324', 'et quod adipisci pariatur mollitia', '26', '01', 'http://placeimg.com/1020/800/people?43954');
INSERT INTO public.impact 
            (id, org, indicator, value, sdg, image)
            VALUES
            ('f4fb6fbb-ed58-4011-ad92-9a18830032c4', 'b721ae8a-0404-42b3-a771-3c1ee76726b7', 'ut vel quos accusantium tempore', '40', '06', 'http://placeimg.com/1020/800/people?43954');
INSERT INTO public.impact 
            (id, org, indicator, value, sdg, image)
            VALUES
            ('4d7b8413-a90d-45ce-b306-d6949c3ba7b0', '66a9fc3b-ea2d-41be-8964-55a8515613bd', 'autem ut ipsa temporibus suscipit', '90', '03', 'http://placeimg.com/1020/800/people?43954');
INSERT INTO public.impact 
            (id, org, indicator, value, sdg, image)
            VALUES
            ('d60d5675-9c51-4c74-b051-e21543a2da5f', 'ca9a4dd4-2e0a-4383-8d88-9305629fa52b', 'rem velit ut voluptatem totam', '68', '06', 'http://placeimg.com/1020/800/people?43954');
INSERT INTO public.impact 
            (id, org, indicator, value, sdg, image)
            VALUES
            ('33286e6c-5ac7-4c4f-a42d-dbd53f8196a6', '47ff1a86-a758-421a-90c0-f42159cc28d9', 'eos et qui voluptatem id', '28', '01', 'http://placeimg.com/1020/800/people?43954');
INSERT INTO public.impact 
            (id, org, indicator, value, sdg, image)
            VALUES
            ('a27a661e-6a2d-47d6-a973-d704219e186c', 'aaa8780e-e626-4d65-bd47-89ec7189a424', 'repudiandae adipisci earum occaecati vitae', '17', '04', 'http://placeimg.com/1020/800/people?43954');
INSERT INTO public.impact 
            (id, org, indicator, value, sdg, image)
            VALUES
            ('a572ca76-7d4a-4812-80aa-1f1162cfb24e', 'a97ad3a2-f83c-4505-a87e-b6877eaf749b', 'sunt minus nemo sapiente velit', '86', '04', 'http://placeimg.com/1020/800/people?43954');
INSERT INTO public.impact 
            (id, org, indicator, value, sdg, image)
            VALUES
            ('59486593-16f7-491e-b411-422c406d0c13', 'b4ca8169-b12b-454c-b385-24f15d952c4e', 'non consequuntur aut et corrupti', '94', '05', 'http://placeimg.com/1020/800/people?43954');
INSERT INTO public.impact 
            (id, org, indicator, value, sdg, image)
            VALUES
            ('f32d5f30-1343-41d0-9ed0-0f7667f29554', 'dc317e71-1f5d-4bbe-af4f-d336cc234192', 'esse ipsum magnam sapiente ducimus', '94', '03', 'http://placeimg.com/1020/800/people?43954');
INSERT INTO public.impact 
            (id, org, indicator, value, sdg, image)
            VALUES
            ('fca08887-b64b-486b-9fd6-33a723b9d935', 'da98ca80-1257-466e-83a4-fa1dc5d95428', 'vitae quo aut adipisci facere', '15', '06', 'http://placeimg.com/1020/800/people?43954');
INSERT INTO public.impact 
            (id, org, indicator, value, sdg, image)
            VALUES
            ('01bdc4bf-01a0-49c3-80e8-3413de81b2d4', '4a1ef274-6e19-44ca-8d50-6341fdc548a2', 'quis animi hic quo iste', '32', '02', 'http://placeimg.com/1020/800/people?43954');
INSERT INTO public.impact 
            (id, org, indicator, value, sdg, image)
            VALUES
            ('e6f16292-e1f7-45c3-9881-617fd6dff39c', '8052e122-c8d2-4ee5-84ed-653e81592a66', 'consectetur officiis necessitatibus et qui', '68', '02', 'http://placeimg.com/1020/800/people?43954');
INSERT INTO public.impact 
            (id, org, indicator, value, sdg, image)
            VALUES
            ('2aa0455d-3513-4089-8383-ddf519ed7a80', '7a44ccf5-7f92-4959-99c1-17968763fd04', 'totam consequatur quaerat rem quis', '57', '06', 'http://placeimg.com/1020/800/people?43954');
INSERT INTO public.impact 
            (id, org, indicator, value, sdg, image)
            VALUES
            ('0989ec38-ccd6-4dc3-bd52-fc0123cf30f9', 'a9de9b30-d59f-4ce1-bc13-32fd1a098c90', 'dignissimos sit autem ut iure', '67', '06', 'http://placeimg.com/1020/800/people?43954');
INSERT INTO public.impact 
            (id, org, indicator, value, sdg, image)
            VALUES
            ('1583286c-44fa-464f-9c8a-1d7a2f71acbf', '059114ae-fdb5-4984-a067-e37a4c7eeb13', 'esse voluptatem voluptas expedita tempore', '1', '01', 'http://placeimg.com/1020/800/people?43954');
INSERT INTO public.impact 
            (id, org, indicator, value, sdg, image)
            VALUES
            ('d66b8fae-8ed0-49f9-8339-b6e8270d6066', '31505e7c-716a-4bd6-a44c-9d251adc7dc4', 'quia ex dolorem autem quidem', '92', '01', 'http://placeimg.com/1020/800/people?43954');
INSERT INTO public.impact 
            (id, org, indicator, value, sdg, image)
            VALUES
            ('524d3541-25d1-4452-be43-e43149943031', '4e7dd02b-1490-4352-9df3-e2bd5e883851', 'ut sunt deserunt eaque et', '55', '03', 'http://placeimg.com/1020/800/people?43954');
    